Player,Result,Seat,Pod,Round,Date,Pod ID,Pod Size,Year,Month,Data Scope
Adrian,Win,2,1,2,12/8/2025,1|19000102|45999,4,2025,12,Previous
Adrian,Win,3,2,2,11/3/2025,2|19000102|45964,5,2025,11,Previous
Adrian,Loss,3,3,1,11/3/2025,3|19000101|45964,5,2025,11,Previous
Adrian,Win,3,4,1,12/8/2025,4|19000101|45999,3,2025,12,Previous
Adrian,Draw,3,3,1,2/9/2026,3|19000101|46062,4,2026,2,Previous
Adrian,Loss,4,4,2,2/9/2026,4|19000102|46062,4,2026,2,Previous
Adrian,Loss,3,1,1,2/16/2026,1|19000101|46069,4,2026,2,Previous
Adrian,Draw,4,3,2,2/16/2026,3|19000102|46069,4,2026,2,Previous
AJ,Loss,5,1,1,10/21/2025,1|19000101|45951,5,2025,10,Previous
AJ,Loss,5,1,1,11/10/2025,1|19000101|45971,5,2025,11,Previous
AJ,Loss,4,1,2,8/4/2025,1|19000102|45873,4,2025,8,Previous
AJ,Win,1,1,2,9/8/2025,1|19000102|45908,4,2025,9,Previous
AJ,Loss,3,1,2,9/15/2025,1|19000102|45915,4,2025,9,Previous
AJ,Loss,3,1,2,9/22/2025,1|19000102|45922,4,2025,9,Previous
AJ,Win,4,1,2,10/27/2025,1|19000102|45957,4,2025,10,Previous
AJ,Loss,3,1,2,11/17/2025,1|19000102|45978,4,2025,11,Previous
AJ,Loss,3,1,2,12/1/2025,1|19000102|45992,4,2025,12,Previous
AJ,Win,1,2,1,8/4/2025,2|19000101|45873,3,2025,8,Previous
AJ,Loss,1,2,1,10/13/2025,2|19000101|45943,4,2025,10,Previous
AJ,Loss,4,2,1,11/24/2025,2|19000101|45985,4,2025,11,Previous
AJ,Loss,4,2,1,12/8/2025,2|19000101|45999,4,2025,12,Previous
AJ,Draw,3,2,1,12/22/2025,2|19000101|46013,4,2025,12,Previous
AJ,Win,1,2,2,7/29/2025,2|19000102|45867,3,2025,7,Previous
AJ,Loss,1,2,2,9/29/2025,2|19000102|45929,4,2025,9,Previous
AJ,Win,5,2,2,10/6/2025,2|19000102|45936,5,2025,10,Previous
AJ,Loss,2,2,2,11/3/2025,2|19000102|45964,5,2025,11,Previous
AJ,Loss,2,2,2,11/24/2025,2|19000102|45985,4,2025,11,Previous
AJ,Loss,3,2,2,12/8/2025,2|19000102|45999,4,2025,12,Previous
AJ,Win,,3,1,7/21/2025,3|19000101|45859,4,2025,7,Previous
AJ,Loss,3,3,1,8/25/2025,3|19000101|45894,5,2025,8,Previous
AJ,Win,2,3,1,9/15/2025,3|19000101|45915,3,2025,9,Previous
AJ,Win,2,3,1,9/22/2025,3|19000101|45922,4,2025,9,Previous
AJ,Loss,4,3,1,9/29/2025,3|19000101|45929,4,2025,9,Previous
AJ,Win,3,3,1,11/17/2025,3|19000101|45978,3,2025,11,Previous
AJ,Win,1,3,1,12/1/2025,3|19000101|45992,3,2025,12,Previous
AJ,Loss,1,3,1,12/15/2025,3|19000101|46006,4,2025,12,Previous
AJ,Loss,,3,2,7/21/2025,3|19000102|45859,4,2025,7,Previous
AJ,Loss,1,3,2,10/13/2025,3|19000102|45943,5,2025,10,Previous
AJ,Win,3,3,2,10/21/2025,3|19000102|45951,4,2025,10,Previous
AJ,Loss,4,3,2,12/15/2025,3|19000102|46006,4,2025,12,Previous
AJ,Loss,2,3,2,12/22/2025,3|19000102|46013,3,2025,12,Previous
AJ,Loss,2,4,1,7/29/2025,4|19000101|45867,3,2025,7,Previous
AJ,Win,3,4,1,9/8/2025,4|19000101|45908,3,2025,9,Previous
AJ,Loss,2,4,1,10/6/2025,4|19000101|45936,4,2025,10,Previous
AJ,Win,3,4,1,10/27/2025,4|19000101|45957,5,2025,10,Previous
AJ,Loss,3,4,1,11/3/2025,4|19000101|45964,4,2025,11,Previous
AJ,Win,2,5,2,8/25/2025,5|19000102|45894,3,2025,8,Previous
AJ,Loss,1,5,2,11/10/2025,5|19000102|45971,4,2025,11,Previous
AJ,Win,3,3,1,12/29/2025,3|19000101|46020,4,2025,12,Previous
AJ,Loss,2,1,2,12/29/2025,1|19000102|46020,4,2025,12,Previous
AJ,Loss,3,4,1,1/5/2026,4|19000101|46027,4,2026,1,Previous
AJ,Loss,2,4,2,1/5/2026,4|19000102|46027,5,2026,1,Previous
AJ,Loss,1,2,1,1/12/2026,2|19000101|46034,4,2026,1,Previous
AJ,Loss,4,7,2,1/12/2026,7|19000102|46034,4,2026,1,Previous
AJ,Win,4,3,1,1/19/2026,3|19000101|46041,4,2026,1,Previous
AJ,Win,1,1,2,1/19/2026,1|19000102|46041,4,2026,1,Previous
AJ,Win,4,5,1,1/26/2026,5|19000101|46048,4,2026,1,Previous
AJ,Loss,1,6,2,1/26/2026,6|19000102|46048,4,2026,1,Previous
AJ,Loss,2,3,1,2/2/2026,3|19000101|46055,4,2026,2,Previous
AJ,Win,3,3,2,2/2/2026,3|19000102|46055,4,2026,2,Previous
AJ,Draw,3,1,1,2/9/2026,1|19000101|46062,4,2026,2,Previous
AJ,Win,1,1,2,2/9/2026,1|19000102|46062,4,2026,2,Previous
AJ,Draw,1,2,1,2/16/2026,2|19000101|46069,4,2026,2,Previous
AJ,Loss,3,5,2,2/16/2026,5|19000102|46069,3,2026,2,Previous
Andrew M,Loss,1,3,1,1/26/2026,3|19000101|46048,3,2026,1,Previous
Andrew M,Loss,3,2,2,1/26/2026,2|19000102|46048,4,2026,1,Previous
Andy,Loss,3,3,1,10/21/2025,3|19000101|45951,4,2025,10,Previous
Andy,Loss,2,4,2,10/21/2025,4|19000102|45951,4,2025,10,Previous
Andy,Loss,4,1,2,1/5/2026,1|19000102|46027,4,2026,1,Previous
Andy,Win,1,7,1,1/12/2026,7|19000101|46034,4,2026,1,Previous
Andy,Loss,2,7,2,1/12/2026,7|19000102|46034,4,2026,1,Previous
Arman H,Draw,4,1,1,2/9/2026,1|19000101|46062,4,2026,2,Previous
Arman H,Loss,3,3,2,2/9/2026,3|19000102|46062,4,2026,2,Previous
Arman H,Loss,4,3,1,2/16/2026,3|19000101|46069,4,2026,2,Previous
Arman H,Loss,2,4,2,2/16/2026,4|19000102|46069,4,2026,2,Previous
Austin D,Loss,2,2,1,1/26/2026,2|19000101|46048,4,2026,1,Previous
Austin D,Loss,3,7,2,1/26/2026,7|19000102|46048,3,2026,1,Previous
Austin D,Draw,2,2,1,2/16/2026,2|19000101|46069,4,2026,2,Previous
Austin D,Loss,2,2,2,2/16/2026,2|19000102|46069,4,2026,2,Previous
Ben,Loss,3,1,1,8/18/2025,1|19000101|45887,4,2025,8,Previous
Ben,Loss,4,3,2,8/18/2025,3|19000102|45887,4,2025,8,Previous
Ben,Loss,1,4,1,8/25/2025,4|19000101|45894,4,2025,8,Previous
Ben,Loss,2,4,2,8/25/2025,4|19000102|45894,4,2025,8,Previous
Ben H,Loss,4,2,1,1/12/2026,2|19000101|46034,4,2026,1,Previous
Ben H,Draw,1,3,2,1/12/2026,3|19000102|46034,4,2026,1,Previous
Ben H,Loss,3,1,1,1/19/2026,1|19000101|46041,4,2026,1,Previous
Ben H,Draw,1,3,2,1/19/2026,3|19000102|46041,4,2026,1,Previous
Brad,Loss,3,1,1,9/22/2025,1|19000101|45922,5,2025,9,Previous
Brad,Loss,4,1,1,10/6/2025,1|19000101|45936,5,2025,10,Previous
Brad,Win,3,1,1,10/21/2025,1|19000101|45951,5,2025,10,Previous
Brad,Loss,4,1,2,9/8/2025,1|19000102|45908,4,2025,9,Previous
Brad,Win,3,1,2,10/21/2025,1|19000102|45951,4,2025,10,Previous
Brad,Loss,5,1,2,11/10/2025,1|19000102|45971,5,2025,11,Previous
Brad,Loss,2,1,2,12/22/2025,1|19000102|46013,4,2025,12,Previous
Brad,Win,4,2,1,9/8/2025,2|19000101|45908,4,2025,9,Previous
Brad,Loss,2,2,1,9/15/2025,2|19000101|45915,3,2025,9,Previous
Brad,Loss,3,2,1,12/1/2025,2|19000101|45992,3,2025,12,Previous
Brad,Loss,3,2,1,12/8/2025,2|19000101|45999,4,2025,12,Previous
Brad,Loss,4,2,2,8/11/2025,2|19000102|45880,4,2025,8,Previous
Brad,Loss,2,2,2,9/15/2025,2|19000102|45915,4,2025,9,Previous
Brad,Loss,1,2,2,10/6/2025,2|19000102|45936,5,2025,10,Previous
Brad,Loss,1,2,2,12/1/2025,2|19000102|45992,3,2025,12,Previous
Brad,Loss,3,2,2,12/15/2025,2|19000102|46006,4,2025,12,Previous
Brad,Loss,1,3,1,8/11/2025,3|19000101|45880,4,2025,8,Previous
Brad,Loss,4,3,1,10/13/2025,3|19000101|45943,4,2025,10,Previous
Brad,Win,3,3,1,12/22/2025,3|19000101|46013,3,2025,12,Previous
Brad,Loss,3,3,2,9/29/2025,3|19000102|45929,4,2025,9,Previous
Brad,Win,2,3,2,10/13/2025,3|19000102|45943,5,2025,10,Previous
Brad,Loss,5,3,2,11/3/2025,3|19000102|45964,5,2025,11,Previous
Brad,Win,3,3,2,11/24/2025,3|19000102|45985,3,2025,11,Previous
Brad,Loss,2,3,2,12/8/2025,3|19000102|45999,4,2025,12,Previous
Brad,Loss,2,4,1,9/29/2025,4|19000101|45929,4,2025,9,Previous
Brad,Win,1,4,1,11/10/2025,4|19000101|45971,4,2025,11,Previous
Brad,Loss,1,4,1,11/24/2025,4|19000101|45985,3,2025,11,Previous
Brad,Loss,2,4,1,12/15/2025,4|19000101|46006,4,2025,12,Previous
Brad,Loss,3,4,2,9/22/2025,4|19000102|45922,4,2025,9,Previous
Brad,Loss,1,5,1,11/3/2025,5|19000101|45964,4,2025,11,Previous
Brad,Win,1,1,1,12/29/2025,1|19000101|46020,4,2025,12,Previous
Brad,Loss,3,1,2,12/29/2025,1|19000102|46020,4,2025,12,Previous
Brad,Draw,5,1,1,1/5/2026,1|19000101|46027,5,2026,1,Previous
Brad,Loss,1,4,2,1/5/2026,4|19000102|46027,5,2026,1,Previous
Brad,Win,2,3,1,1/12/2026,3|19000101|46034,4,2026,1,Previous
Brad,Draw,2,3,2,1/12/2026,3|19000102|46034,4,2026,1,Previous
Brad,Win,1,2,1,1/26/2026,2|19000101|46048,4,2026,1,Previous
Brad,Loss,4,2,2,1/26/2026,2|19000102|46048,4,2026,1,Previous
Brad,Loss,3,3,1,2/2/2026,3|19000101|46055,4,2026,2,Previous
Brad,Loss,1,5,2,2/2/2026,5|19000102|46055,3,2026,2,Previous
Brad,Win,2,2,1,2/9/2026,2|19000101|46062,4,2026,2,Previous
Brad,Loss,3,1,2,2/9/2026,1|19000102|46062,4,2026,2,Previous
Brad,Loss,4,1,1,2/16/2026,1|19000101|46069,4,2026,2,Previous
Brad,Loss,1,2,2,2/16/2026,2|19000102|46069,4,2026,2,Previous
Brandon,Loss,4,1,1,9/8/2025,1|19000101|45908,4,2025,9,Previous
Brandon,Loss,4,1,1,9/29/2025,1|19000101|45929,4,2025,9,Previous
Brandon,Loss,1,1,1,10/27/2025,1|19000101|45957,5,2025,10,Previous
Brandon,Win,1,1,1,11/10/2025,1|19000101|45971,5,2025,11,Previous
Brandon,Loss,1,1,1,11/24/2025,1|19000101|45985,4,2025,11,Previous
Brandon,Loss,3,1,1,12/22/2025,1|19000101|46013,4,2025,12,Previous
Brandon,Loss,2,1,2,8/25/2025,1|19000102|45894,4,2025,8,Previous
Brandon,Win,4,1,2,11/10/2025,1|19000102|45971,5,2025,11,Previous
Brandon,Loss,4,2,1,9/22/2025,2|19000101|45922,4,2025,9,Previous
Brandon,Loss,2,2,1,12/1/2025,2|19000101|45992,3,2025,12,Previous
Brandon,Loss,3,2,1,12/15/2025,2|19000101|46006,4,2025,12,Previous
Brandon,Win,1,2,2,9/15/2025,2|19000102|45915,4,2025,9,Previous
Brandon,Loss,3,2,2,10/13/2025,2|19000102|45943,4,2025,10,Previous
Brandon,Loss,4,2,2,11/3/2025,2|19000102|45964,5,2025,11,Previous
Brandon,Loss,1,2,2,11/17/2025,2|19000102|45978,4,2025,11,Previous
Brandon,Loss,4,2,2,11/24/2025,2|19000102|45985,4,2025,11,Previous
Brandon,Loss,2,2,2,12/22/2025,2|19000102|46013,4,2025,12,Previous
Brandon,Win,4,3,1,8/25/2025,3|19000101|45894,5,2025,8,Previous
Brandon,Loss,1,3,2,9/22/2025,3|19000102|45922,4,2025,9,Previous
Brandon,Loss,1,3,2,9/29/2025,3|19000102|45929,4,2025,9,Previous
Brandon,Loss,5,3,2,10/27/2025,3|19000102|45957,5,2025,10,Previous
Brandon,Loss,3,3,2,12/1/2025,3|19000102|45992,3,2025,12,Previous
Brandon,Win,3,3,2,12/8/2025,3|19000102|45999,4,2025,12,Previous
Brandon,Loss,3,4,1,11/17/2025,4|19000101|45978,3,2025,11,Previous
Brandon,Loss,2,4,1,12/8/2025,4|19000101|45999,3,2025,12,Previous
Brandon,Loss,1,4,2,9/8/2025,4|19000102|45908,3,2025,9,Previous
Brandon,Win,2,4,2,12/15/2025,4|19000102|46006,4,2025,12,Previous
Brandon,Loss,4,5,1,11/3/2025,5|19000101|45964,4,2025,11,Previous
Brandon,Loss,2,1,1,12/29/2025,1|19000101|46020,4,2025,12,Previous
Brandon,Loss,4,2,2,12/29/2025,2|19000102|46020,4,2025,12,Previous
Brandon,Draw,1,1,1,1/5/2026,1|19000101|46027,5,2026,1,Previous
Brandon,Loss,5,2,2,1/5/2026,2|19000102|46027,5,2026,1,Previous
Brandon,Loss,3,4,1,1/12/2026,4|19000101|46034,3,2026,1,Previous
Brandon,Loss,3,2,2,1/12/2026,2|19000102|46034,4,2026,1,Previous
Brandon,Loss,4,2,1,1/19/2026,2|19000101|46041,4,2026,1,Previous
Brandon,Draw,4,3,2,1/19/2026,3|19000102|46041,4,2026,1,Previous
Brandon,Loss,3,2,1,1/26/2026,2|19000101|46048,4,2026,1,Previous
Brandon,Loss,1,3,2,1/26/2026,3|19000102|46048,3,2026,1,Previous
Brandon,Draw,2,1,1,2/2/2026,1|19000101|46055,4,2026,2,Previous
Brandon,Loss,3,2,2,2/2/2026,2|19000102|46055,4,2026,2,Previous
Brandon,Loss,4,4,1,2/9/2026,4|19000101|46062,4,2026,2,Previous
Brandon,Loss,2,4,2,2/9/2026,4|19000102|46062,4,2026,2,Previous
Brandon,Loss,1,1,1,2/16/2026,1|19000101|46069,4,2026,2,Previous
Brandon,Loss,4,4,2,2/16/2026,4|19000102|46069,4,2026,2,Previous
Brandon A,Win,1,4,1,1/26/2026,4|19000101|46048,3,2026,1,Previous
Brandon A,Loss,3,1,2,1/26/2026,1|19000102|46048,4,2026,1,Previous
Brandon A,Draw,1,1,1,2/2/2026,1|19000101|46055,4,2026,2,Previous
Brandon A,Win,1,4,2,2/2/2026,4|19000102|46055,4,2026,2,Previous
Brandon A,Loss,3,5,1,2/16/2026,5|19000101|46069,3,2026,2,Previous
Brandon A,Win,1,5,2,2/16/2026,5|19000102|46069,3,2026,2,Previous
Brett,Win,,1,1,7/21/2025,1|19000101|45859,4,2025,7,Previous
Brett,Loss,2,1,1,8/4/2025,1|19000101|45873,3,2025,8,Previous
Brett,Win,1,1,1,10/6/2025,1|19000101|45936,5,2025,10,Previous
Brett,Loss,3,1,1,10/13/2025,1|19000101|45943,5,2025,10,Previous
Brett,Loss,2,1,1,10/21/2025,1|19000101|45951,5,2025,10,Previous
Brett,Loss,3,1,1,11/3/2025,1|19000101|45964,5,2025,11,Previous
Brett,Loss,2,1,1,12/15/2025,1|19000101|46006,4,2025,12,Previous
Brett,Loss,4,1,2,10/6/2025,1|19000102|45936,4,2025,10,Previous
Brett,Loss,3,1,2,12/22/2025,1|19000102|46013,4,2025,12,Previous
Brett,Loss,3,2,1,8/11/2025,2|19000101|45880,4,2025,8,Previous
Brett,Loss,2,2,1,9/8/2025,2|19000101|45908,4,2025,9,Previous
Brett,Loss,1,2,1,10/27/2025,2|19000101|45957,4,2025,10,Previous
Brett,Loss,3,2,1,11/10/2025,2|19000101|45971,4,2025,11,Previous
Brett,Loss,2,2,1,12/8/2025,2|19000101|45999,4,2025,12,Previous
Brett,Draw,2,2,1,12/22/2025,2|19000101|46013,4,2025,12,Previous
Brett,Loss,2,2,2,7/29/2025,2|19000102|45867,3,2025,7,Previous
Brett,Win,2,2,2,8/4/2025,2|19000102|45873,4,2025,8,Previous
Brett,Loss,3,2,2,8/25/2025,2|19000102|45894,4,2025,8,Previous
Brett,Loss,2,2,2,9/29/2025,2|19000102|45929,4,2025,9,Previous
Brett,Win,3,2,2,11/24/2025,2|19000102|45985,4,2025,11,Previous
Brett,Loss,4,2,2,12/15/2025,2|19000102|46006,4,2025,12,Previous
Brett,Loss,3,3,1,7/29/2025,3|19000101|45867,3,2025,7,Previous
Brett,Loss,1,3,1,8/25/2025,3|19000101|45894,5,2025,8,Previous
Brett,Loss,1,3,1,9/15/2025,3|19000101|45915,3,2025,9,Previous
Brett,Loss,4,3,1,9/22/2025,3|19000101|45922,4,2025,9,Previous
Brett,Loss,2,3,1,11/24/2025,3|19000101|45985,3,2025,11,Previous
Brett,Win,,3,2,7/21/2025,3|19000102|45859,4,2025,7,Previous
Brett,Loss,2,3,2,9/8/2025,3|19000102|45908,4,2025,9,Previous
Brett,Win,2,3,2,9/15/2025,3|19000102|45915,3,2025,9,Previous
Brett,Loss,2,3,2,9/22/2025,3|19000102|45922,4,2025,9,Previous
Brett,Loss,4,3,2,10/13/2025,3|19000102|45943,5,2025,10,Previous
Brett,Loss,1,3,2,10/21/2025,3|19000102|45951,4,2025,10,Previous
Brett,Loss,2,3,2,10/27/2025,3|19000102|45957,5,2025,10,Previous
Brett,Loss,1,4,1,9/29/2025,4|19000101|45929,4,2025,9,Previous
Brett,Loss,2,4,1,12/1/2025,4|19000101|45992,3,2025,12,Previous
Brett,Loss,2,4,2,8/11/2025,4|19000102|45880,4,2025,8,Previous
Brett,Loss,2,4,2,12/1/2025,4|19000102|45992,3,2025,12,Previous
Brett,Loss,2,4,2,12/8/2025,4|19000102|45999,3,2025,12,Previous
Brett,Draw,3,5,2,11/3/2025,5|19000102|45964,4,2025,11,Previous
Brett,Loss,4,5,2,11/10/2025,5|19000102|45971,4,2025,11,Previous
Brett,Loss,2,4,1,12/29/2025,4|19000101|46020,4,2025,12,Previous
Brett,Loss,3,2,2,12/29/2025,2|19000102|46020,4,2025,12,Previous
Brett,Loss,3,3,1,1/5/2026,3|19000101|46027,4,2026,1,Previous
Brett,Loss,4,4,2,1/5/2026,4|19000102|46027,5,2026,1,Previous
Brett,Loss,3,7,1,1/12/2026,7|19000101|46034,4,2026,1,Previous
Brett,Draw,4,3,2,1/12/2026,3|19000102|46034,4,2026,1,Previous
Brett,Draw,2,4,1,1/19/2026,4|19000101|46041,4,2026,1,Previous
Brett,Draw,3,3,2,1/19/2026,3|19000102|46041,4,2026,1,Previous
Brett,Loss,3,5,1,1/26/2026,5|19000101|46048,4,2026,1,Previous
Brett,Loss,2,4,2,1/26/2026,4|19000102|46048,3,2026,1,Previous
Brett,Win,4,5,1,2/2/2026,5|19000101|46055,4,2026,2,Previous
Brett,Loss,1,1,2,2/2/2026,1|19000102|46055,4,2026,2,Previous
Brett,Loss,1,5,1,2/9/2026,5|19000101|46062,3,2026,2,Previous
Brett,Loss,2,3,2,2/9/2026,3|19000102|46062,4,2026,2,Previous
Brett,Win,1,4,1,2/16/2026,4|19000101|46069,4,2026,2,Previous
Brett,Win,4,1,2,2/16/2026,1|19000102|46069,4,2026,2,Previous
Brendan,Loss,3,1,1,7/29/2025,1|19000101|45867,4,2025,7,Previous
Brendan,Loss,2,1,1,8/25/2025,1|19000101|45894,5,2025,8,Previous
Brendan,Loss,2,1,1,9/8/2025,1|19000101|45908,4,2025,9,Previous
Brendan,Loss,1,1,1,10/13/2025,1|19000101|45943,5,2025,10,Previous
Brendan,Loss,4,1,1,11/3/2025,1|19000101|45964,5,2025,11,Previous
Brendan,Loss,3,1,1,11/17/2025,1|19000101|45978,3,2025,11,Previous
Brendan,Loss,2,1,1,12/8/2025,1|19000101|45999,4,2025,12,Previous
Brendan,Win,4,1,1,12/22/2025,1|19000101|46013,4,2025,12,Previous
Brendan,Loss,1,1,2,11/10/2025,1|19000102|45971,5,2025,11,Previous
Brendan,Loss,1,1,2,11/24/2025,1|19000102|45985,4,2025,11,Previous
Brendan,Win,1,1,2,12/22/2025,1|19000102|46013,4,2025,12,Previous
Brendan,Loss,2,2,1,9/22/2025,2|19000101|45922,4,2025,9,Previous
Brendan,Loss,1,2,2,8/18/2025,2|19000102|45887,3,2025,8,Previous
Brendan,Win,5,2,2,9/22/2025,2|19000102|45922,5,2025,9,Previous
Brendan,Loss,1,2,2,10/21/2025,2|19000102|45951,4,2025,10,Previous
Brendan,Loss,2,2,2,12/8/2025,2|19000102|45999,4,2025,12,Previous
Brendan,Loss,3,3,1,8/18/2025,3|19000101|45887,3,2025,8,Previous
Brendan,Loss,4,3,1,10/6/2025,3|19000101|45936,4,2025,10,Previous
Brendan,Win,2,3,1,11/10/2025,3|19000101|45971,4,2025,11,Previous
Brendan,Win,2,3,2,7/29/2025,3|19000102|45867,3,2025,7,Previous
Brendan,Loss,3,3,2,8/25/2025,3|19000102|45894,4,2025,8,Previous
Brendan,Win,4,3,2,9/8/2025,3|19000102|45908,4,2025,9,Previous
Brendan,Loss,2,3,2,10/6/2025,3|19000102|45936,4,2025,10,Previous
Brendan,Loss,4,3,2,11/3/2025,3|19000102|45964,5,2025,11,Previous
Brendan,Win,2,3,2,11/17/2025,3|19000102|45978,4,2025,11,Previous
Brendan,Loss,4,4,1,8/11/2025,4|19000101|45880,4,2025,8,Previous
Brendan,Loss,3,4,1,9/29/2025,4|19000101|45929,4,2025,9,Previous
Brendan,Loss,4,4,1,10/21/2025,4|19000101|45951,4,2025,10,Previous
Brendan,Win,3,4,1,11/24/2025,4|19000101|45985,3,2025,11,Previous
Brendan,Win,1,4,2,8/11/2025,4|19000102|45880,4,2025,8,Previous
Brendan,Win,1,4,2,9/29/2025,4|19000102|45929,4,2025,9,Previous
Brendan,Win,5,4,2,10/13/2025,4|19000102|45943,5,2025,10,Previous
Brendan,Loss,4,1,1,12/29/2025,1|19000101|46020,4,2025,12,Previous
Brendan,Draw,2,3,2,12/29/2025,3|19000102|46020,4,2025,12,Previous
Brendan,Draw,4,1,1,1/5/2026,1|19000101|46027,5,2026,1,Previous
Brendan,Loss,3,2,2,1/5/2026,2|19000102|46027,5,2026,1,Previous
Brendan,Loss,4,3,1,1/12/2026,3|19000101|46034,4,2026,1,Previous
Brendan,Win,1,4,2,1/12/2026,4|19000102|46034,3,2026,1,Previous
Brendan,Draw,1,4,1,1/19/2026,4|19000101|46041,4,2026,1,Previous
Brendan,Win,1,2,2,1/19/2026,2|19000102|46041,4,2026,1,Previous
Brendan,Draw,2,7,1,1/26/2026,7|19000101|46048,3,2026,1,Previous
Brendan,Win,2,1,2,1/26/2026,1|19000102|46048,4,2026,1,Previous
Brendan,Win,2,4,1,2/2/2026,4|19000101|46055,3,2026,2,Previous
Brendan,Win,2,1,2,2/2/2026,1|19000102|46055,4,2026,2,Previous
Brendan,Draw,2,1,1,2/9/2026,1|19000101|46062,4,2026,2,Previous
Brendan,Win,3,4,2,2/9/2026,4|19000102|46062,4,2026,2,Previous
Brendan,Loss,4,4,1,2/16/2026,4|19000101|46069,4,2026,2,Previous
Brendan,Draw,2,3,2,2/16/2026,3|19000102|46069,4,2026,2,Previous
Bryce,Win,4,1,1,8/11/2025,1|19000101|45880,4,2025,8,Previous
Bryce,Win,5,1,1,8/25/2025,1|19000101|45894,5,2025,8,Previous
Bryce,Loss,3,1,1,9/8/2025,1|19000101|45908,4,2025,9,Previous
Bryce,Loss,3,1,1,9/15/2025,1|19000101|45915,4,2025,9,Previous
Bryce,Win,2,1,1,9/22/2025,1|19000101|45922,5,2025,9,Previous
Bryce,Loss,4,1,1,10/21/2025,1|19000101|45951,5,2025,10,Previous
Bryce,Loss,3,1,1,10/27/2025,1|19000101|45957,5,2025,10,Previous
Bryce,Win,1,1,1,11/3/2025,1|19000101|45964,5,2025,11,Previous
Bryce,Win,3,1,1,12/15/2025,1|19000101|46006,4,2025,12,Previous
Bryce,Win,3,1,2,7/29/2025,1|19000102|45867,4,2025,7,Previous
Bryce,Win,4,1,2,8/11/2025,1|19000102|45880,4,2025,8,Previous
Bryce,Win,1,1,2,8/25/2025,1|19000102|45894,4,2025,8,Previous
Bryce,Loss,4,1,2,9/22/2025,1|19000102|45922,4,2025,9,Previous
Bryce,Loss,3,1,2,9/29/2025,1|19000102|45929,4,2025,9,Previous
Bryce,Loss,3,1,2,10/6/2025,1|19000102|45936,4,2025,10,Previous
Bryce,Win,2,1,2,11/3/2025,1|19000102|45964,5,2025,11,Previous
Bryce,Loss,2,1,2,11/10/2025,1|19000102|45971,5,2025,11,Previous
Bryce,Loss,3,1,2,12/8/2025,1|19000102|45999,4,2025,12,Previous
Bryce,Loss,3,1,2,12/15/2025,1|19000102|46006,4,2025,12,Previous
Bryce,Loss,,2,1,7/21/2025,2|19000101|45859,4,2025,7,Previous
Bryce,Loss,2,2,1,8/4/2025,2|19000101|45873,3,2025,8,Previous
Bryce,Loss,1,2,1,8/18/2025,2|19000101|45887,3,2025,8,Previous
Bryce,Win,2,2,1,9/29/2025,2|19000101|45929,4,2025,9,Previous
Bryce,Win,1,2,1,10/6/2025,2|19000101|45936,4,2025,10,Previous
Bryce,Win,1,2,1,12/8/2025,2|19000101|45999,4,2025,12,Previous
Bryce,Win,,2,2,7/21/2025,2|19000102|45859,4,2025,7,Previous
Bryce,Loss,1,2,2,9/8/2025,2|19000102|45908,4,2025,9,Previous
Bryce,Loss,2,2,2,10/13/2025,2|19000102|45943,4,2025,10,Previous
Bryce,Loss,3,2,2,10/21/2025,2|19000102|45951,4,2025,10,Previous
Bryce,Win,2,2,2,10/27/2025,2|19000102|45957,5,2025,10,Previous
Bryce,Win,3,2,2,11/17/2025,2|19000102|45978,4,2025,11,Previous
Bryce,Win,1,3,1,7/29/2025,3|19000101|45867,3,2025,7,Previous
Bryce,Loss,2,3,1,11/17/2025,3|19000101|45978,3,2025,11,Previous
Bryce,Loss,2,3,1,12/22/2025,3|19000101|46013,3,2025,12,Previous
Bryce,Loss,4,3,2,8/4/2025,3|19000102|45873,4,2025,8,Previous
Bryce,Win,2,3,2,8/18/2025,3|19000102|45887,4,2025,8,Previous
Bryce,Win,1,3,2,12/22/2025,3|19000102|46013,3,2025,12,Previous
Bryce,Loss,2,4,1,10/13/2025,4|19000101|45943,4,2025,10,Previous
Bryce,Win,1,4,2,9/15/2025,4|19000102|45915,3,2025,9,Previous
Bryce,Win,1,5,1,11/10/2025,5|19000101|45971,4,2025,11,Previous
Bryce,Loss,3,2,1,12/29/2025,2|19000101|46020,4,2025,12,Previous
Bryce,Loss,4,4,2,12/29/2025,4|19000102|46020,4,2025,12,Previous
Bryce,Win,1,4,1,1/5/2026,4|19000101|46027,4,2026,1,Previous
Bryce,Loss,3,1,2,1/5/2026,1|19000102|46027,4,2026,1,Previous
Bryce,Win,2,6,1,1/12/2026,6|19000101|46034,4,2026,1,Previous
Bryce,Win,3,5,2,1/12/2026,5|19000102|46034,4,2026,1,Previous
Bryce,Draw,4,4,1,1/19/2026,4|19000101|46041,4,2026,1,Previous
Bryce,Loss,2,5,2,1/19/2026,5|19000102|46041,4,2026,1,Previous
Bryce,Draw,3,7,1,1/26/2026,7|19000101|46048,3,2026,1,Previous
Bryce,Loss,4,5,2,1/26/2026,5|19000102|46048,4,2026,1,Previous
Bryce,Loss,1,5,1,2/2/2026,5|19000101|46055,4,2026,2,Previous
Bryce,Win,3,5,2,2/2/2026,5|19000102|46055,3,2026,2,Previous
Bryce,Draw,4,3,1,2/9/2026,3|19000101|46062,4,2026,2,Previous
Bryce,Win,1,3,2,2/9/2026,3|19000102|46062,4,2026,2,Previous
Bryce,Win,2,3,1,2/16/2026,3|19000101|46069,4,2026,2,Previous
Bryce,Loss,2,1,2,2/16/2026,1|19000102|46069,4,2026,2,Previous
Charlie,Draw,3,2,1,2/16/2026,2|19000101|46069,4,2026,2,Previous
Charlie,Draw,1,3,2,2/16/2026,3|19000102|46069,4,2026,2,Previous
Dakota,Loss,1,1,1,7/29/2025,1|19000101|45867,4,2025,7,Previous
Dakota,Loss,2,1,1,8/18/2025,1|19000101|45887,4,2025,8,Previous
Dakota,Loss,1,1,1,8/25/2025,1|19000101|45894,5,2025,8,Previous
Dakota,Loss,2,1,1,12/1/2025,1|19000101|45992,4,2025,12,Previous
Dakota,Loss,1,1,2,8/11/2025,1|19000102|45880,4,2025,8,Previous
Dakota,Loss,1,1,2,9/15/2025,1|19000102|45915,4,2025,9,Previous
Dakota,Loss,1,1,2,9/22/2025,1|19000102|45922,4,2025,9,Previous
Dakota,Loss,5,1,2,11/3/2025,1|19000102|45964,5,2025,11,Previous
Dakota,Loss,1,1,2,12/15/2025,1|19000102|46006,4,2025,12,Previous
Dakota,Loss,1,2,1,9/8/2025,2|19000101|45908,4,2025,9,Previous
Dakota,Win,1,2,1,9/15/2025,2|19000101|45915,3,2025,9,Previous
Dakota,Win,1,2,1,9/22/2025,2|19000101|45922,4,2025,9,Previous
Dakota,Loss,3,2,2,7/29/2025,2|19000102|45867,3,2025,7,Previous
Dakota,Win,3,2,2,8/18/2025,2|19000102|45887,3,2025,8,Previous
Dakota,Win,1,2,2,12/8/2025,2|19000102|45999,4,2025,12,Previous
Dakota,Loss,1,3,1,9/29/2025,3|19000101|45929,4,2025,9,Previous
Dakota,Loss,1,3,2,8/4/2025,3|19000102|45873,4,2025,8,Previous
Dakota,Win,4,3,2,9/29/2025,3|19000102|45929,4,2025,9,Previous
Dakota,Loss,3,4,1,8/4/2025,4|19000101|45873,3,2025,8,Previous
Dakota,Win,1,4,1,8/11/2025,4|19000101|45880,4,2025,8,Previous
Dakota,Loss,5,4,1,10/27/2025,4|19000101|45957,5,2025,10,Previous
Dakota,Loss,1,4,1,12/8/2025,4|19000101|45999,3,2025,12,Previous
Dakota,Win,3,4,1,12/15/2025,4|19000101|46006,4,2025,12,Previous
Dakota,Win,3,4,2,9/8/2025,4|19000102|45908,3,2025,9,Previous
Dakota,Loss,3,4,2,10/27/2025,4|19000102|45957,5,2025,10,Previous
Dakota,Loss,3,4,2,11/10/2025,4|19000102|45971,4,2025,11,Previous
Dakota,Loss,3,4,2,12/1/2025,4|19000102|45992,3,2025,12,Previous
Dakota,Win,3,5,1,11/3/2025,5|19000101|45964,4,2025,11,Previous
Dakota,Loss,4,5,1,11/10/2025,5|19000101|45971,4,2025,11,Previous
Dakota,Loss,3,5,2,8/25/2025,5|19000102|45894,3,2025,8,Previous
Dakota,Win,1,4,1,12/29/2025,4|19000101|46020,4,2025,12,Previous
Dakota,Loss,4,1,2,12/29/2025,1|19000102|46020,4,2025,12,Previous
Dakota,Loss,3,2,1,1/5/2026,2|19000101|46027,5,2026,1,Previous
Dakota,Loss,3,4,2,1/5/2026,4|19000102|46027,5,2026,1,Previous
Dakota,Win,1,1,1,1/12/2026,1|19000101|46034,4,2026,1,Previous
Dakota,Loss,3,4,2,1/12/2026,4|19000102|46034,3,2026,1,Previous
Dakota,Loss,3,5,1,1/19/2026,5|19000101|46041,4,2026,1,Previous
Dakota,Loss,1,4,2,1/19/2026,4|19000102|46041,4,2026,1,Previous
Dakota,Loss,3,4,1,1/26/2026,4|19000101|46048,3,2026,1,Previous
Dakota,Loss,1,5,2,1/26/2026,5|19000102|46048,4,2026,1,Previous
Dakota,Win,1,3,1,2/2/2026,3|19000101|46055,4,2026,2,Previous
Dakota,Loss,3,1,2,2/2/2026,1|19000102|46055,4,2026,2,Previous
Dakota,Win,2,5,1,2/9/2026,5|19000101|46062,3,2026,2,Previous
Dakota,Loss,2,1,2,2/9/2026,1|19000102|46062,4,2026,2,Previous
Dave,Win,2,1,2,9/29/2025,1|19000102|45929,4,2025,9,Previous
Dave,Loss,3,2,1,10/6/2025,2|19000101|45936,4,2025,10,Previous
Dave,Loss,1,3,2,9/15/2025,3|19000102|45915,3,2025,9,Previous
Dave,Loss,4,3,2,9/22/2025,3|19000102|45922,4,2025,9,Previous
Dave,Win,1,3,2,10/6/2025,3|19000102|45936,4,2025,10,Previous
Dave,Loss,3,3,2,10/13/2025,3|19000102|45943,5,2025,10,Previous
Dave,Loss,1,4,1,9/15/2025,4|19000101|45915,3,2025,9,Previous
Dave,Loss,2,4,1,9/22/2025,4|19000101|45922,4,2025,9,Previous
Dave,Win,4,4,1,9/29/2025,4|19000101|45929,4,2025,9,Previous
Dave,Loss,1,4,1,10/13/2025,4|19000101|45943,4,2025,10,Previous
Dave,Loss,2,2,1,1/5/2026,2|19000101|46027,5,2026,1,Previous
Dave,Win,3,3,2,1/5/2026,3|19000102|46027,5,2026,1,Previous
Dave,Loss,2,2,1,1/12/2026,2|19000101|46034,4,2026,1,Previous
Dave,Loss,4,5,2,1/12/2026,5|19000102|46034,4,2026,1,Previous
Dave,Loss,2,5,1,1/19/2026,5|19000101|46041,4,2026,1,Previous
Dave,Loss,3,2,2,1/19/2026,2|19000102|46041,4,2026,1,Previous
Dave,Win,2,6,1,1/26/2026,6|19000101|46048,4,2026,1,Previous
Dave,Win,2,3,2,1/26/2026,3|19000102|46048,3,2026,1,Previous
Dave,Draw,3,1,1,2/2/2026,1|19000101|46055,4,2026,2,Previous
Dave,Loss,2,5,2,2/2/2026,5|19000102|46055,3,2026,2,Previous
Dave,Loss,4,2,1,2/9/2026,2|19000101|46062,4,2026,2,Previous
Dave,Loss,4,3,2,2/9/2026,3|19000102|46062,4,2026,2,Previous
Dave,Win,2,1,1,2/16/2026,1|19000101|46069,4,2026,2,Previous
Dave,Loss,3,1,2,2/16/2026,1|19000102|46069,4,2026,2,Previous
Devin,Loss,2,1,1,11/10/2025,1|19000101|45971,5,2025,11,Previous
Devin,Loss,4,1,1,12/1/2025,1|19000101|45992,4,2025,12,Previous
Devin,Loss,3,1,1,12/8/2025,1|19000101|45999,4,2025,12,Previous
Devin,Loss,4,1,2,10/13/2025,1|19000102|45943,4,2025,10,Previous
Devin,Loss,2,1,2,10/27/2025,1|19000102|45957,4,2025,10,Previous
Devin,Win,2,2,1,10/27/2025,2|19000101|45957,4,2025,10,Previous
Devin,Loss,2,2,1,11/24/2025,2|19000101|45985,4,2025,11,Previous
Devin,Loss,4,2,2,10/6/2025,2|19000102|45936,5,2025,10,Previous
Devin,Loss,2,3,1,10/6/2025,3|19000101|45936,4,2025,10,Previous
Devin,Loss,1,3,1,11/3/2025,3|19000101|45964,5,2025,11,Previous
Devin,Loss,1,3,1,11/17/2025,3|19000101|45978,3,2025,11,Previous
Devin,Loss,1,3,2,11/17/2025,3|19000102|45978,4,2025,11,Previous
Devin,Loss,1,3,2,11/24/2025,3|19000102|45985,3,2025,11,Previous
Devin,Loss,1,3,2,12/1/2025,3|19000102|45992,3,2025,12,Previous
Devin,Win,3,4,1,10/13/2025,4|19000101|45943,4,2025,10,Previous
Devin,Loss,3,4,2,11/3/2025,4|19000102|45964,4,2025,11,Previous
Devin,Loss,4,4,2,11/10/2025,4|19000102|45971,4,2025,11,Previous
Devin,Loss,1,4,2,12/8/2025,4|19000102|45999,3,2025,12,Previous
Edwin,Loss,4,1,1,8/25/2025,1|19000101|45894,5,2025,8,Previous
Edwin,Win,1,1,1,9/15/2025,1|19000101|45915,4,2025,9,Previous
Edwin,Win,4,1,1,10/13/2025,1|19000101|45943,5,2025,10,Previous
Edwin,Win,1,1,1,11/17/2025,1|19000101|45978,3,2025,11,Previous
Edwin,Win,4,1,2,9/15/2025,1|19000102|45915,4,2025,9,Previous
Edwin,Win,3,1,2,10/13/2025,1|19000102|45943,4,2025,10,Previous
Edwin,Loss,1,1,2,10/21/2025,1|19000102|45951,4,2025,10,Previous
Edwin,Loss,4,1,2,11/3/2025,1|19000102|45964,5,2025,11,Previous
Edwin,Win,4,1,2,11/17/2025,1|19000102|45978,4,2025,11,Previous
Edwin,Loss,2,1,2,12/1/2025,1|19000102|45992,4,2025,12,Previous
Edwin,Loss,1,1,2,12/8/2025,1|19000102|45999,4,2025,12,Previous
Edwin,Loss,1,2,1,8/11/2025,2|19000101|45880,4,2025,8,Previous
Edwin,Loss,4,2,1,9/29/2025,2|19000101|45929,4,2025,9,Previous
Edwin,Win,3,2,1,10/21/2025,2|19000101|45951,4,2025,10,Previous
Edwin,Win,1,2,1,12/1/2025,2|19000101|45992,3,2025,12,Previous
Edwin,Draw,4,2,1,12/22/2025,2|19000101|46013,4,2025,12,Previous
Edwin,Win,2,2,2,8/25/2025,2|19000102|45894,4,2025,8,Previous
Edwin,Loss,3,2,2,9/29/2025,2|19000102|45929,4,2025,9,Previous
Edwin,Loss,1,2,2,10/27/2025,2|19000102|45957,5,2025,10,Previous
Edwin,Win,2,2,2,11/10/2025,2|19000102|45971,4,2025,11,Previous
Edwin,Win,1,2,2,12/22/2025,2|19000102|46013,4,2025,12,Previous
Edwin,Loss,2,3,1,8/4/2025,3|19000101|45873,3,2025,8,Previous
Edwin,Loss,2,3,1,8/18/2025,3|19000101|45887,3,2025,8,Previous
Edwin,Loss,2,3,1,9/8/2025,3|19000101|45908,4,2025,9,Previous
Edwin,Win,2,3,1,11/3/2025,3|19000101|45964,5,2025,11,Previous
Edwin,Loss,3,3,1,11/24/2025,3|19000101|45985,3,2025,11,Previous
Edwin,Win,1,3,1,12/8/2025,3|19000101|45999,4,2025,12,Previous
Edwin,Win,2,3,2,8/4/2025,3|19000102|45873,4,2025,8,Previous
Edwin,Loss,2,3,2,8/11/2025,3|19000102|45880,4,2025,8,Previous
Edwin,Loss,1,3,2,8/18/2025,3|19000102|45887,4,2025,8,Previous
Edwin,Loss,4,3,2,10/6/2025,3|19000102|45936,4,2025,10,Previous
Edwin,Loss,4,4,1,9/22/2025,4|19000101|45922,4,2025,9,Previous
Edwin,Loss,3,4,1,10/6/2025,4|19000101|45936,4,2025,10,Previous
Edwin,Loss,4,4,1,10/27/2025,4|19000101|45957,5,2025,10,Previous
Edwin,Loss,4,4,1,11/10/2025,4|19000101|45971,4,2025,11,Previous
Edwin,Loss,2,4,2,9/8/2025,4|19000102|45908,3,2025,9,Previous
Edwin,Loss,1,4,2,9/22/2025,4|19000102|45922,4,2025,9,Previous
Edwin,Win,1,4,2,11/24/2025,4|19000102|45985,3,2025,11,Previous
Edwin,Loss,4,2,1,12/29/2025,2|19000101|46020,4,2025,12,Previous
Edwin,Win,2,2,2,12/29/2025,2|19000102|46020,4,2025,12,Previous
Edwin,Loss,2,4,1,1/5/2026,4|19000101|46027,4,2026,1,Previous
Edwin,Loss,4,2,2,1/5/2026,2|19000102|46027,5,2026,1,Previous
Edwin,Loss,1,5,1,1/12/2026,5|19000101|46034,4,2026,1,Previous
Edwin,Draw,3,1,2,1/12/2026,1|19000102|46034,4,2026,1,Previous
Edwin,Loss,3,2,1,1/19/2026,2|19000101|46041,4,2026,1,Previous
Edwin,Loss,2,2,2,1/19/2026,2|19000102|46041,4,2026,1,Previous
Edwin,Loss,3,6,1,1/26/2026,6|19000101|46048,4,2026,1,Previous
Edwin,Loss,2,6,2,1/26/2026,6|19000102|46048,4,2026,1,Previous
Edwin,Loss,3,5,1,2/2/2026,5|19000101|46055,4,2026,2,Previous
Edwin,Loss,3,4,2,2/2/2026,4|19000102|46055,4,2026,2,Previous
Edwin,Loss,2,4,1,2/9/2026,4|19000101|46062,4,2026,2,Previous
Edwin,Loss,1,5,2,2/9/2026,5|19000102|46062,3,2026,2,Previous
Edwin,Draw,4,2,1,2/16/2026,2|19000101|46069,4,2026,2,Previous
Edwin,Win,3,4,2,2/16/2026,4|19000102|46069,4,2026,2,Previous
Eli,Loss,4,2,2,9/8/2025,2|19000102|45908,4,2025,9,Previous
Eli,Loss,1,4,1,9/8/2025,4|19000101|45908,3,2025,9,Previous
Eli,Loss,4,2,1,1/26/2026,2|19000101|46048,4,2026,1,Previous
Eli,Loss,1,4,2,1/26/2026,4|19000102|46048,3,2026,1,Previous
Fernado,Loss,1,1,2,11/3/2025,1|19000102|45964,5,2025,11,Previous
Fernado,Win,4,2,1,11/3/2025,2|19000101|45964,5,2025,11,Previous
Forrest,Loss,5,1,1,10/6/2025,1|19000101|45936,5,2025,10,Previous
Forrest,Loss,2,1,1,10/27/2025,1|19000101|45957,5,2025,10,Previous
Forrest,Loss,4,1,1,12/15/2025,1|19000101|46006,4,2025,12,Previous
Forrest,Loss,2,2,1,10/13/2025,2|19000101|45943,4,2025,10,Previous
Forrest,Loss,4,2,2,10/21/2025,2|19000102|45951,4,2025,10,Previous
Forrest,Loss,4,3,1,11/10/2025,3|19000101|45971,4,2025,11,Previous
Forrest,Loss,1,3,2,12/15/2025,3|19000102|46006,4,2025,12,Previous
Forrest,Loss,3,4,1,10/21/2025,4|19000101|45951,4,2025,10,Previous
Forrest,Loss,4,4,2,10/13/2025,4|19000102|45943,5,2025,10,Previous
Forrest,Win,5,4,2,10/27/2025,4|19000102|45957,5,2025,10,Previous
Forrest,Win,1,4,2,11/3/2025,4|19000102|45964,4,2025,11,Previous
Forrest,Loss,1,4,2,11/10/2025,4|19000102|45971,4,2025,11,Previous
Forrest,Loss,2,5,1,11/3/2025,5|19000101|45964,4,2025,11,Previous
Forrest,Loss,4,6,1,1/12/2026,6|19000101|46034,4,2026,1,Previous
Forrest,Loss,2,4,2,1/12/2026,4|19000102|46034,3,2026,1,Previous
Forrest,Loss,3,3,1,1/19/2026,3|19000101|46041,4,2026,1,Previous
Forrest,Loss,3,5,2,1/19/2026,5|19000102|46041,4,2026,1,Previous
Forrest,Draw,1,7,1,1/26/2026,7|19000101|46048,3,2026,1,Previous
Forrest,Loss,2,2,2,1/26/2026,2|19000102|46048,4,2026,1,Previous
Forrest,Loss,2,5,1,2/2/2026,5|19000101|46055,4,2026,2,Previous
Forrest,Loss,2,3,2,2/2/2026,3|19000102|46055,4,2026,2,Previous
George,Loss,4,3,1,11/3/2025,3|19000101|45964,5,2025,11,Previous
George,Loss,1,3,2,11/3/2025,3|19000102|45964,5,2025,11,Previous
Gus,Loss,4,2,1,8/25/2025,2|19000101|45894,5,2025,8,Previous
Gus,Loss,1,2,2,8/25/2025,2|19000102|45894,4,2025,8,Previous
Harley A,Win,3,2,1,1/12/2026,2|19000101|46034,4,2026,1,Previous
Harley A,Win,3,6,2,1/12/2026,6|19000102|46034,4,2026,1,Previous
Harley A,Loss,1,6,1,1/26/2026,6|19000101|46048,4,2026,1,Previous
Harley A,Win,3,4,2,1/26/2026,4|19000102|46048,3,2026,1,Previous
Isaac B,Loss,1,5,1,2/16/2026,5|19000101|46069,3,2026,2,Previous
Isaac B,Loss,1,4,2,2/16/2026,4|19000102|46069,4,2026,2,Previous
Isaac B,Loss,4,1,1,1/12/2026,1|19000101|46034,4,2026,1,Previous
Isaac B,Draw,3,3,2,1/12/2026,3|19000102|46034,4,2026,1,Previous
Isaac B,Draw,3,4,1,1/19/2026,4|19000101|46041,4,2026,1,Previous
Isaac B,Win,3,4,2,1/19/2026,4|19000102|46041,4,2026,1,Previous
Isaac B,Draw,3,1,1,1/26/2026,1|19000101|46048,4,2026,1,Previous
Isaac B,Win,1,2,2,1/26/2026,2|19000102|46048,4,2026,1,Previous
Isaac B,Loss,4,3,1,2/2/2026,3|19000101|46055,4,2026,2,Previous
Isaac B,Win,1,2,2,2/2/2026,2|19000102|46055,4,2026,2,Previous
Isaac B,Draw,1,3,1,2/9/2026,3|19000101|46062,4,2026,2,Previous
Isaac B,Win,2,5,2,2/9/2026,5|19000102|46062,3,2026,2,Previous
Jack,Win,1,1,1,8/4/2025,1|19000101|45873,3,2025,8,Previous
Jack,Loss,2,1,2,8/4/2025,1|19000102|45873,4,2025,8,Previous
Jack,Loss,1,2,1,11/24/2025,2|19000101|45985,4,2025,11,Previous
Jack,Loss,3,4,2,11/24/2025,4|19000102|45985,3,2025,11,Previous
Jack,Loss,1,3,1,1/19/2026,3|19000101|46041,4,2026,1,Previous
Jack,Loss,4,2,2,1/19/2026,2|19000102|46041,4,2026,1,Previous
Jake,Win,1,1,1,9/8/2025,1|19000101|45908,4,2025,9,Previous
Jake,Win,1,1,2,8/18/2025,1|19000102|45887,3,2025,8,Previous
Jake,Loss,3,1,2,8/25/2025,1|19000102|45894,4,2025,8,Previous
Jake,Loss,3,1,2,9/8/2025,1|19000102|45908,4,2025,9,Previous
Jake,Win,2,1,2,9/22/2025,1|19000102|45922,4,2025,9,Previous
Jake,Loss,1,2,1,9/29/2025,2|19000101|45929,4,2025,9,Previous
Jake,Loss,3,2,2,8/4/2025,2|19000102|45873,4,2025,8,Previous
Jake,Win,3,2,2,8/11/2025,2|19000102|45880,4,2025,8,Previous
Jake,Loss,3,2,2,12/1/2025,2|19000102|45992,3,2025,12,Previous
Jake,Loss,2,3,1,7/29/2025,3|19000101|45867,3,2025,7,Previous
Jake,Win,1,3,1,8/18/2025,3|19000101|45887,3,2025,8,Previous
Jake,Loss,5,3,1,10/27/2025,3|19000101|45957,5,2025,10,Previous
Jake,Win,3,3,2,11/3/2025,3|19000102|45964,5,2025,11,Previous
Jake,Loss,2,4,1,8/4/2025,4|19000101|45873,3,2025,8,Previous
Jake,Loss,2,4,1,8/11/2025,4|19000101|45880,4,2025,8,Previous
Jake,Win,2,4,1,8/25/2025,4|19000101|45894,4,2025,8,Previous
Jake,Win,1,4,1,9/22/2025,4|19000101|45922,4,2025,9,Previous
Jake,Loss,4,4,1,11/3/2025,4|19000101|45964,4,2025,11,Previous
Jake,Loss,1,4,1,12/1/2025,4|19000101|45992,3,2025,12,Previous
Jake,Loss,2,4,2,7/29/2025,4|19000102|45867,3,2025,7,Previous
Jake,Loss,4,4,2,9/29/2025,4|19000102|45929,4,2025,9,Previous
Jake,Loss,1,4,2,10/27/2025,4|19000102|45957,5,2025,10,Previous
Jake,Win,1,3,1,1/5/2026,3|19000101|46027,4,2026,1,Previous
Jake,Win,1,1,2,1/5/2026,1|19000102|46027,4,2026,1,Previous
Jake,Loss,1,6,1,1/12/2026,6|19000101|46034,4,2026,1,Previous
Jake,Draw,2,1,2,1/12/2026,1|19000102|46034,4,2026,1,Previous
Jake,Loss,4,6,1,1/26/2026,6|19000101|46048,4,2026,1,Previous
Jake,Win,1,7,2,1/26/2026,7|19000102|46048,3,2026,1,Previous
Jake,Loss,1,2,1,2/2/2026,2|19000101|46055,4,2026,2,Previous
Jake,Loss,4,2,2,2/2/2026,2|19000102|46055,4,2026,2,Previous
Jake,Win,1,4,1,2/9/2026,4|19000101|46062,4,2026,2,Previous
Jake,Loss,4,1,2,2/9/2026,1|19000102|46062,4,2026,2,Previous
Harley A,Win,2,4,1,3/2/2026,4|19000101|46083,4,2026,3,Previous
Harley A,Win,1,5,2,3/2/2026,5|19000102|46083,4,2026,3,Previous
Harley A,Win,1,2,1,3/9/2026,2|19000101|46090,4,2026,3,Previous
Harley A,Win,4,1,2,3/9/2026,1|19000102|46090,4,2026,3,Previous
Jarrod O,Loss,5,3,1,8/25/2025,3|19000101|45894,5,2025,8,Previous
Jarrod O,Loss,1,4,2,8/25/2025,4|19000102|45894,4,2025,8,Previous
Jarrod O,Draw,2,1,1,1/5/2026,1|19000101|46027,5,2026,1,Previous
Jarrod O,Win,5,4,2,1/5/2026,4|19000102|46027,5,2026,1,Previous
Jarrod O,Loss,4,5,1,1/12/2026,5|19000101|46034,4,2026,1,Previous
Jarrod O,Loss,1,5,2,1/12/2026,5|19000102|46034,4,2026,1,Previous
Jarrod O,Draw,1,1,1,1/26/2026,1|19000101|46048,4,2026,1,Previous
Jarrod O,Loss,4,6,2,1/26/2026,6|19000102|46048,4,2026,1,Previous
Javier,Loss,3,3,1,1/26/2026,3|19000101|46048,3,2026,1,Previous
Javier,Loss,4,1,2,1/26/2026,1|19000102|46048,4,2026,1,Previous
Jeremiah,Loss,5,2,1,11/3/2025,2|19000101|45964,5,2025,11,Previous
Jeremiah,Loss,2,3,2,11/3/2025,3|19000102|45964,5,2025,11,Previous
Jerimah,Loss,2,1,1,10/6/2025,1|19000101|45936,5,2025,10,Previous
Jermiah,Loss,3,3,2,10/27/2025,3|19000102|45957,5,2025,10,Previous
Jermiah,Loss,2,3,2,11/10/2025,3|19000102|45971,4,2025,11,Previous
Jermiah,Loss,2,4,1,10/27/2025,4|19000101|45957,5,2025,10,Previous
Jermiah,Loss,2,4,1,11/10/2025,4|19000101|45971,4,2025,11,Previous
Jarrod O,Loss,3,2,1,2/2/2026,2|19000101|46055,4,2026,2,Previous
Jarrod O,Loss,4,4,2,2/2/2026,4|19000102|46055,4,2026,2,Previous
Jarrod O,Loss,1,2,1,2/9/2026,2|19000101|46062,4,2026,2,Previous
Jarrod O,Loss,3,5,2,2/9/2026,5|19000102|46062,3,2026,2,Previous
Jon,Loss,4,1,1,9/15/2025,1|19000101|45915,4,2025,9,Previous
Jon,Loss,4,1,1,9/22/2025,1|19000101|45922,5,2025,9,Previous
Jon,Loss,5,1,1,11/3/2025,1|19000101|45964,5,2025,11,Previous
Jon,Loss,4,1,1,11/24/2025,1|19000101|45985,4,2025,11,Previous
Jon,Loss,4,1,1,12/8/2025,1|19000101|45999,4,2025,12,Previous
Jon,Loss,3,1,2,11/10/2025,1|19000102|45971,5,2025,11,Previous
Jon,Win,2,2,1,11/10/2025,2|19000101|45971,4,2025,11,Previous
Jon,Loss,4,2,2,9/15/2025,2|19000102|45915,4,2025,9,Previous
Jon,Loss,2,3,1,9/29/2025,3|19000101|45929,4,2025,9,Previous
Jon,Loss,1,3,1,10/21/2025,3|19000101|45951,4,2025,10,Previous
Jon,Loss,2,3,2,10/21/2025,3|19000102|45951,4,2025,10,Previous
Jon,Loss,4,3,2,12/8/2025,3|19000102|45999,4,2025,12,Previous
Jon,Loss,4,4,1,10/13/2025,4|19000101|45943,4,2025,10,Previous
Jon,Loss,2,4,2,9/22/2025,4|19000102|45922,4,2025,9,Previous
Jon,Loss,3,4,2,9/29/2025,4|19000102|45929,4,2025,9,Previous
Jon,Loss,1,4,2,10/13/2025,4|19000102|45943,5,2025,10,Previous
Jon,Loss,2,4,2,11/24/2025,4|19000102|45985,3,2025,11,Previous
Jon,Draw,1,5,2,11/3/2025,5|19000102|45964,4,2025,11,Previous
Jon,Loss,2,3,1,12/29/2025,3|19000101|46020,4,2025,12,Previous
Jon,Loss,1,2,2,12/29/2025,2|19000102|46020,4,2025,12,Previous
Jon,Loss,3,1,1,1/12/2026,1|19000101|46034,4,2026,1,Previous
Jon,Loss,1,2,2,1/12/2026,2|19000102|46034,4,2026,1,Previous
Jon,Loss,2,4,1,1/26/2026,4|19000101|46048,3,2026,1,Previous
Jon,Win,3,6,2,1/26/2026,6|19000102|46048,4,2026,1,Previous
Jon,Loss,3,5,1,2/9/2026,5|19000101|46062,3,2026,2,Previous
Jon,Loss,1,4,2,2/9/2026,4|19000102|46062,4,2026,2,Previous
Jon W,Loss,1,3,1,12/29/2025,3|19000101|46020,4,2025,12,Previous
Jon W,Draw,1,3,2,12/29/2025,3|19000102|46020,4,2025,12,Previous
Jonathon,Loss,4,1,2,8/25/2025,1|19000102|45894,4,2025,8,Previous
Jonathon,Win,2,2,1,8/25/2025,2|19000101|45894,5,2025,8,Previous
Josh,Loss,3,2,2,9/22/2025,2|19000102|45922,5,2025,9,Previous
Josh,Loss,1,3,2,8/25/2025,3|19000102|45894,4,2025,8,Previous
Josh,Loss,4,4,1,8/25/2025,4|19000101|45894,4,2025,8,Previous
Josh,Loss,3,4,1,9/22/2025,4|19000101|45922,4,2025,9,Previous
Justin M,Loss,5,1,1,9/22/2025,1|19000101|45922,5,2025,9,Previous
Justin M,Loss,3,2,1,9/29/2025,2|19000101|45929,4,2025,9,Previous
Justin M,Loss,1,2,2,9/22/2025,2|19000102|45922,5,2025,9,Previous
Justin M,Loss,2,3,2,9/29/2025,3|19000102|45929,4,2025,9,Previous
Justin M,Loss,1,2,1,1/5/2026,2|19000101|46027,5,2026,1,Previous
Justin M,Loss,5,3,2,1/5/2026,3|19000102|46027,5,2026,1,Previous
Justin M,Win,2,4,1,1/12/2026,4|19000101|46034,3,2026,1,Previous
Justin M,Draw,1,1,2,1/12/2026,1|19000102|46034,4,2026,1,Previous
Justin Lopez,Loss,1,1,1,9/29/2025,1|19000101|45929,4,2025,9,Previous
Justin Lopez,Loss,1,1,2,10/13/2025,1|19000102|45943,4,2025,10,Previous
Justin Lopez,Loss,3,1,2,11/3/2025,1|19000102|45964,5,2025,11,Previous
Justin Lopez,Win,4,2,2,9/29/2025,2|19000102|45929,4,2025,9,Previous
Justin Lopez,Loss,4,2,2,11/10/2025,2|19000102|45971,4,2025,11,Previous
Justin Lopez,Win,3,3,1,10/13/2025,3|19000101|45943,4,2025,10,Previous
Justin Lopez,Win,2,4,1,11/3/2025,4|19000101|45964,4,2025,11,Previous
Justin Lopez,Loss,3,4,1,11/10/2025,4|19000101|45971,4,2025,11,Previous
Justin M,Loss,2,5,1,1/26/2026,5|19000101|46048,4,2026,1,Previous
Justin M,Loss,2,7,2,1/26/2026,7|19000102|46048,3,2026,1,Previous
Logan,Loss,5,1,1,10/13/2025,1|19000101|45943,5,2025,10,Previous
Logan,Loss,2,2,1,11/17/2025,2|19000101|45978,3,2025,11,Previous
Logan,Loss,3,2,2,10/27/2025,2|19000102|45957,5,2025,10,Previous
Logan,Loss,2,2,2,11/17/2025,2|19000102|45978,4,2025,11,Previous
Logan,Loss,1,4,1,10/21/2025,4|19000101|45951,4,2025,10,Previous
Logan,Loss,1,4,1,10/27/2025,4|19000101|45957,5,2025,10,Previous
Logan,Loss,2,4,2,10/13/2025,4|19000102|45943,5,2025,10,Previous
Lucas,Loss,4,7,1,1/12/2026,7|19000101|46034,4,2026,1,Previous
Lucas,Loss,2,6,2,1/12/2026,6|19000102|46034,4,2026,1,Previous
Lucas,Win,1,1,1,1/19/2026,1|19000101|46041,4,2026,1,Previous
Lucas,Loss,3,1,2,1/19/2026,1|19000102|46041,4,2026,1,Previous
Manny,Loss,1,2,1,10/21/2025,2|19000101|45951,4,2025,10,Previous
Manny,Loss,4,4,2,10/21/2025,4|19000102|45951,4,2025,10,Previous
Mark,Loss,3,1,1,8/25/2025,1|19000101|45894,5,2025,8,Previous
Mark,Win,1,1,1,12/8/2025,1|19000101|45999,4,2025,12,Previous
Mark,Loss,1,1,1,12/22/2025,1|19000101|46013,4,2025,12,Previous
Mark,Loss,4,1,2,7/29/2025,1|19000102|45867,4,2025,7,Previous
Mark,Win,3,1,2,8/4/2025,1|19000102|45873,4,2025,8,Previous
Mark,Loss,2,1,2,11/17/2025,1|19000102|45978,4,2025,11,Previous
Mark,Win,2,1,2,11/24/2025,1|19000102|45985,4,2025,11,Previous
Mark,Loss,4,1,2,12/8/2025,1|19000102|45999,4,2025,12,Previous
Mark,Win,2,1,2,12/15/2025,1|19000102|46006,4,2025,12,Previous
Mark,Win,,2,1,7/21/2025,2|19000101|45859,4,2025,7,Previous
Mark,Win,1,2,1,7/29/2025,2|19000101|45867,3,2025,7,Previous
Mark,Loss,3,2,1,8/18/2025,2|19000101|45887,3,2025,8,Previous
Mark,Win,3,2,1,11/17/2025,2|19000101|45978,3,2025,11,Previous
Mark,Win,3,2,1,11/24/2025,2|19000101|45985,4,2025,11,Previous
Mark,Loss,,2,2,7/21/2025,2|19000102|45859,4,2025,7,Previous
Mark,Loss,2,2,2,8/18/2025,2|19000102|45887,3,2025,8,Previous
Mark,Loss,3,2,2,11/10/2025,2|19000102|45971,4,2025,11,Previous
Mark,Loss,2,3,1,12/1/2025,3|19000101|45992,3,2025,12,Previous
Mark,Win,2,3,1,12/15/2025,3|19000101|46006,4,2025,12,Previous
Mark,Win,2,3,2,12/1/2025,3|19000102|45992,3,2025,12,Previous
Mark,Loss,3,3,2,12/22/2025,3|19000102|46013,3,2025,12,Previous
Mark,Win,1,4,1,8/4/2025,4|19000101|45873,3,2025,8,Previous
Mark,Loss,4,4,2,8/25/2025,4|19000102|45894,4,2025,8,Previous
Mark,Loss,3,5,1,11/10/2025,5|19000101|45971,4,2025,11,Previous
Mark,Loss,3,1,1,12/29/2025,1|19000101|46020,4,2025,12,Previous
Mark,Loss,3,4,2,12/29/2025,4|19000102|46020,4,2025,12,Previous
Mason,Loss,2,3,1,8/11/2025,3|19000101|45880,4,2025,8,Previous
Mason,Loss,4,3,2,8/11/2025,3|19000102|45880,4,2025,8,Previous
Mitch,Loss,1,1,1,8/11/2025,1|19000101|45880,4,2025,8,Previous
Mitch,Loss,3,1,1,10/6/2025,1|19000101|45936,5,2025,10,Previous
Mitch,Loss,2,1,2,9/8/2025,1|19000102|45908,4,2025,9,Previous
Mitch,Loss,2,3,1,8/25/2025,3|19000101|45894,5,2025,8,Previous
Mitch,Win,1,3,1,9/8/2025,3|19000101|45908,4,2025,9,Previous
Mitch,Loss,1,3,1,10/13/2025,3|19000101|45943,4,2025,10,Previous
Mitch,Loss,4,3,1,10/21/2025,3|19000101|45951,4,2025,10,Previous
Mitch,Loss,4,3,1,10/27/2025,3|19000101|45957,5,2025,10,Previous
Mitch,Loss,3,3,2,7/29/2025,3|19000102|45867,3,2025,7,Previous
Mitch,Win,4,3,2,8/25/2025,3|19000102|45894,4,2025,8,Previous
Mitch,Loss,3,3,2,10/6/2025,3|19000102|45936,4,2025,10,Previous
Mitch,Loss,4,3,2,10/21/2025,3|19000102|45951,4,2025,10,Previous
Mitch,Win,1,3,2,10/27/2025,3|19000102|45957,5,2025,10,Previous
Mitch,Loss,3,4,1,7/29/2025,4|19000101|45867,3,2025,7,Previous
Mitch,Loss,3,4,1,9/15/2025,4|19000101|45915,3,2025,9,Previous
Mitch,Loss,1,4,1,11/3/2025,4|19000101|45964,4,2025,11,Previous
Mitch,Loss,3,4,2,8/11/2025,4|19000102|45880,4,2025,8,Previous
Mitch,Loss,3,4,2,9/15/2025,4|19000102|45915,3,2025,9,Previous
Mitch,Loss,3,4,2,10/13/2025,4|19000102|45943,5,2025,10,Previous
Mitch,Loss,2,4,2,11/3/2025,4|19000102|45964,4,2025,11,Previous
Mitch,Loss,2,3,1,1/19/2026,3|19000101|46041,4,2026,1,Previous
Mitch,Draw,2,3,2,1/19/2026,3|19000102|46041,4,2026,1,Previous
Mitch,Loss,1,4,1,2/2/2026,4|19000101|46055,3,2026,2,Previous
Mitch,Loss,2,2,2,2/2/2026,2|19000102|46055,4,2026,2,Previous
Mitch,Loss,2,4,1,2/16/2026,4|19000101|46069,4,2026,2,Previous
Mitch,Loss,2,5,2,2/16/2026,5|19000102|46069,3,2026,2,Previous
Nicholas,Loss,3,1,2,8/11/2025,1|19000102|45880,4,2025,8,Previous
Nicholas,Loss,2,2,1,7/29/2025,2|19000101|45867,3,2025,7,Previous
Nicholas,Win,4,2,1,8/11/2025,2|19000101|45880,4,2025,8,Previous
Nicholas,Loss,1,3,2,7/29/2025,3|19000102|45867,3,2025,7,Previous
Nick,Loss,4,2,1,10/6/2025,2|19000101|45936,4,2025,10,Previous
Nick D,Loss,1,2,1,11/3/2025,2|19000101|45964,5,2025,11,Previous
Nick D,Loss,1,2,1,11/10/2025,2|19000101|45971,4,2025,11,Previous
Nick D,Loss,4,2,2,10/27/2025,2|19000102|45957,5,2025,10,Previous
Nick D,Loss,1,2,2,11/3/2025,2|19000102|45964,5,2025,11,Previous
Nick D,Loss,1,3,1,10/27/2025,3|19000101|45957,5,2025,10,Previous
Nick D,Loss,3,3,1,12/15/2025,3|19000101|46006,4,2025,12,Previous
Nick D,Loss,4,4,2,12/15/2025,4|19000102|46006,4,2025,12,Previous
Nick D,Loss,2,5,2,11/10/2025,5|19000102|45971,4,2025,11,Previous
Nick D,Loss,1,5,1,1/26/2026,5|19000101|46048,4,2026,1,Previous
Nick D,Loss,3,3,2,1/26/2026,3|19000102|46048,3,2026,1,Previous
Nick D,Loss,3,4,1,2/2/2026,4|19000101|46055,3,2026,2,Previous
Nick D,Loss,2,4,2,2/2/2026,4|19000102|46055,4,2026,2,Previous
Nolan,Loss,1,1,1,10/21/2025,1|19000101|45951,5,2025,10,Previous
Nolan,Win,2,2,2,10/21/2025,2|19000102|45951,4,2025,10,Previous
Nolan,Loss,4,4,1,12/15/2025,4|19000101|46006,4,2025,12,Previous
Nolan,Loss,1,4,2,12/15/2025,4|19000102|46006,4,2025,12,Previous
Peter,Loss,4,2,2,8/25/2025,2|19000102|45894,4,2025,8,Previous
Peter,Loss,3,4,1,8/25/2025,4|19000101|45894,4,2025,8,Previous
Rodney,Loss,1,1,1,9/22/2025,1|19000101|45922,5,2025,9,Previous
Rodney,Loss,4,1,1,11/10/2025,1|19000101|45971,5,2025,11,Previous
Rodney,Win,3,1,1,11/24/2025,1|19000101|45985,4,2025,11,Previous
Rodney,Loss,1,1,1,12/1/2025,1|19000101|45992,4,2025,12,Previous
Rodney,Loss,2,1,2,8/11/2025,1|19000102|45880,4,2025,8,Previous
Rodney,Loss,4,1,2,10/21/2025,1|19000102|45951,4,2025,10,Previous
Rodney,Loss,3,1,2,10/27/2025,1|19000102|45957,4,2025,10,Previous
Rodney,Loss,1,1,2,11/17/2025,1|19000102|45978,4,2025,11,Previous
Rodney,Loss,4,1,2,11/24/2025,1|19000102|45985,4,2025,11,Previous
Rodney,Loss,4,1,2,12/15/2025,1|19000102|46006,4,2025,12,Previous
Rodney,Loss,4,1,2,12/22/2025,1|19000102|46013,4,2025,12,Previous
Rodney,Loss,1,2,1,8/25/2025,2|19000101|45894,5,2025,8,Previous
Rodney,Win,1,2,1,12/15/2025,2|19000101|46006,4,2025,12,Previous
Rodney,Draw,1,2,1,12/22/2025,2|19000101|46013,4,2025,12,Previous
Rodney,Loss,2,2,2,10/6/2025,2|19000102|45936,5,2025,10,Previous
Rodney,Win,2,2,2,12/1/2025,2|19000102|45992,3,2025,12,Previous
Rodney,Win,4,3,1,8/11/2025,3|19000101|45880,4,2025,8,Previous
Rodney,Loss,1,3,1,10/6/2025,3|19000101|45936,4,2025,10,Previous
Rodney,Win,3,3,1,10/27/2025,3|19000101|45957,5,2025,10,Previous
Rodney,Loss,4,3,1,12/8/2025,3|19000101|45999,4,2025,12,Previous
Rodney,Win,3,3,2,9/22/2025,3|19000102|45922,4,2025,9,Previous
Rodney,Win,4,3,2,11/10/2025,3|19000102|45971,4,2025,11,Previous
Rodney,Loss,1,3,2,12/8/2025,3|19000102|45999,4,2025,12,Previous
Rodney,Win,2,4,1,10/21/2025,4|19000101|45951,4,2025,10,Previous
Rodney,Win,2,4,1,11/17/2025,4|19000101|45978,3,2025,11,Previous
Rodney,Win,3,4,2,8/25/2025,4|19000102|45894,4,2025,8,Previous
Rodney,Loss,3,4,1,12/29/2025,4|19000101|46020,4,2025,12,Previous
Rodney,Win,1,4,2,12/29/2025,4|19000102|46020,4,2025,12,Previous
Rodney,Loss,2,3,1,1/5/2026,3|19000101|46027,4,2026,1,Previous
Rodney,Loss,4,3,2,1/5/2026,3|19000102|46027,5,2026,1,Previous
Rodney,Win,2,5,1,1/12/2026,5|19000101|46034,4,2026,1,Previous
Rodney,Win,4,2,2,1/12/2026,2|19000102|46034,4,2026,1,Previous
Rodney,Loss,2,1,1,1/19/2026,1|19000101|46041,4,2026,1,Previous
Rodney,Win,4,5,2,1/19/2026,5|19000102|46041,4,2026,1,Previous
Rodney,Draw,2,1,1,1/26/2026,1|19000101|46048,4,2026,1,Previous
Rodney,Loss,1,1,2,1/26/2026,1|19000102|46048,4,2026,1,Previous
Rodney,Draw,4,1,1,2/2/2026,1|19000101|46055,4,2026,2,Previous
Rodney,Loss,1,3,2,2/2/2026,3|19000102|46055,4,2026,2,Previous
Rodney,Loss,3,4,1,2/16/2026,4|19000101|46069,4,2026,2,Previous
Rodney,Win,3,2,2,2/16/2026,2|19000102|46069,4,2026,2,Previous
Ryan,Loss,1,1,2,8/4/2025,1|19000102|45873,4,2025,8,Previous
Ryan,Loss,2,1,2,8/18/2025,1|19000102|45887,3,2025,8,Previous
Ryan,Loss,2,1,2,9/15/2025,1|19000102|45915,4,2025,9,Previous
Ryan,Loss,4,1,2,9/29/2025,1|19000102|45929,4,2025,9,Previous
Ryan,Win,2,2,1,8/18/2025,2|19000101|45887,3,2025,8,Previous
Ryan,Loss,2,2,1,10/6/2025,2|19000101|45936,4,2025,10,Previous
Ryan,Loss,4,2,1,10/27/2025,2|19000101|45957,4,2025,10,Previous
Ryan,Loss,2,2,1,12/15/2025,2|19000101|46006,4,2025,12,Previous
Ryan,Loss,3,2,2,9/8/2025,2|19000102|45908,4,2025,9,Previous
Ryan,Loss,3,2,2,10/6/2025,2|19000102|45936,5,2025,10,Previous
Ryan,Loss,5,2,2,10/27/2025,2|19000102|45957,5,2025,10,Previous
Ryan,Win,3,3,1,8/4/2025,3|19000101|45873,3,2025,8,Previous
Ryan,Loss,4,3,1,9/8/2025,3|19000101|45908,4,2025,9,Previous
Ryan,Win,3,3,1,9/29/2025,3|19000101|45929,4,2025,9,Previous
Ryan,Win,3,3,2,8/11/2025,3|19000102|45880,4,2025,8,Previous
Ryan,Win,3,3,2,12/15/2025,3|19000102|46006,4,2025,12,Previous
Ryan,Loss,3,4,1,8/11/2025,4|19000101|45880,4,2025,8,Previous
Ryan,Win,2,4,1,9/15/2025,4|19000101|45915,3,2025,9,Previous
Ryan,Loss,5,2,1,1/5/2026,2|19000101|46027,5,2026,1,Previous
Ryan,Loss,2,2,2,1/5/2026,2|19000102|46027,5,2026,1,Previous
Ryan,Loss,2,7,1,1/12/2026,7|19000101|46034,4,2026,1,Previous
Ryan,Loss,2,2,2,1/12/2026,2|19000102|46034,4,2026,1,Previous
Ryan,Loss,3,4,1,2/9/2026,4|19000101|46062,4,2026,2,Previous
Ryan,Loss,4,2,2,2/9/2026,2|19000102|46062,4,2026,2,Previous
Sam,Loss,2,1,1,8/11/2025,1|19000101|45880,4,2025,8,Previous
Sam,Loss,3,2,1,8/4/2025,2|19000101|45873,3,2025,8,Previous
Sam,Loss,1,2,2,8/4/2025,2|19000102|45873,4,2025,8,Previous
Sam,Loss,2,2,2,8/11/2025,2|19000102|45880,4,2025,8,Previous
Sam,Loss,4,4,1,1/5/2026,4|19000101|46027,4,2026,1,Previous
Sam,Loss,1,3,2,1/5/2026,3|19000102|46027,5,2026,1,Previous
Sam,Loss,1,3,1,1/12/2026,3|19000101|46034,4,2026,1,Previous
Sam,Draw,4,1,2,1/12/2026,1|19000102|46034,4,2026,1,Previous
Sam,Loss,1,2,1,1/19/2026,2|19000101|46041,4,2026,1,Previous
Sam,Loss,4,4,2,1/19/2026,4|19000102|46041,4,2026,1,Previous
Sam,Loss,3,3,1,2/16/2026,3|19000101|46069,4,2026,2,Previous
Sam,Loss,4,2,2,2/16/2026,2|19000102|46069,4,2026,2,Previous
Steve,Loss,2,1,1,11/17/2025,1|19000101|45978,3,2025,11,Previous
Steve,Loss,4,2,2,11/17/2025,2|19000102|45978,4,2025,11,Previous
Steve,Loss,4,2,2,12/8/2025,2|19000102|45999,4,2025,12,Previous
Steve,Loss,3,3,1,12/8/2025,3|19000101|45999,4,2025,12,Previous
Steve A-G,Win,2,5,1,2/16/2026,5|19000101|46069,3,2026,2,Previous
Steve A-G,Loss,1,1,2,2/16/2026,1|19000102|46069,4,2026,2,Previous
Steve C,Loss,1,1,2,12/1/2025,1|19000102|45992,4,2025,12,Previous
Steve C,Loss,4,2,1,10/13/2025,2|19000101|45943,4,2025,10,Previous
Steve C,Loss,3,2,1,11/3/2025,2|19000101|45964,5,2025,11,Previous
Steve C,Win,1,2,2,10/13/2025,2|19000102|45943,4,2025,10,Previous
Steve C,Loss,1,2,2,11/24/2025,2|19000102|45985,4,2025,11,Previous
Steve C,Win,2,2,2,12/15/2025,2|19000102|46006,4,2025,12,Previous
Steve C,Loss,3,2,2,12/22/2025,2|19000102|46013,4,2025,12,Previous
Steve C,Loss,2,3,1,10/27/2025,3|19000101|45957,5,2025,10,Previous
Steve C,Loss,1,3,1,12/22/2025,3|19000101|46013,3,2025,12,Previous
Steve C,Loss,3,3,2,11/10/2025,3|19000102|45971,4,2025,11,Previous
Steve C,Loss,2,4,1,11/24/2025,4|19000101|45985,3,2025,11,Previous
Steve C,Win,3,4,1,12/1/2025,4|19000101|45992,3,2025,12,Previous
Steve C,Loss,2,4,2,10/27/2025,4|19000102|45957,5,2025,10,Previous
Steve C,Loss,2,5,1,11/10/2025,5|19000101|45971,4,2025,11,Previous
Steve C,Draw,2,5,2,11/3/2025,5|19000102|45964,4,2025,11,Previous
Steve C,Loss,4,4,1,12/29/2025,4|19000101|46020,4,2025,12,Previous
Steve C,Draw,3,3,2,12/29/2025,3|19000102|46020,4,2025,12,Previous
Steve C,Win,4,2,1,1/5/2026,2|19000101|46027,5,2026,1,Previous
Steve C,Loss,2,1,2,1/5/2026,1|19000102|46027,4,2026,1,Previous
Steve C,Loss,3,3,1,1/12/2026,3|19000101|46034,4,2026,1,Previous
Steve C,Loss,4,6,2,1/12/2026,6|19000102|46034,4,2026,1,Previous
Steven,Loss,4,2,1,12/15/2025,2|19000101|46006,4,2025,12,Previous
Trevor,Win,4,1,1,7/29/2025,1|19000101|45867,4,2025,7,Previous
Trevor,Loss,3,1,1,8/4/2025,1|19000101|45873,3,2025,8,Previous
Trevor,Win,4,1,1,8/18/2025,1|19000101|45887,4,2025,8,Previous
Trevor,Win,3,1,1,9/29/2025,1|19000101|45929,4,2025,9,Previous
Trevor,Win,4,1,1,10/27/2025,1|19000101|45957,5,2025,10,Previous
Trevor,Loss,2,1,1,11/3/2025,1|19000101|45964,5,2025,11,Previous
Trevor,Loss,2,1,1,11/24/2025,1|19000101|45985,4,2025,11,Previous
Trevor,Win,3,1,1,12/1/2025,1|19000101|45992,4,2025,12,Previous
Trevor,Loss,1,1,1,12/15/2025,1|19000101|46006,4,2025,12,Previous
Trevor,Loss,1,1,2,7/29/2025,1|19000102|45867,4,2025,7,Previous
Trevor,Loss,3,1,2,8/18/2025,1|19000102|45887,3,2025,8,Previous
Trevor,Loss,1,1,2,9/29/2025,1|19000102|45929,4,2025,9,Previous
Trevor,Loss,2,1,2,10/6/2025,1|19000102|45936,4,2025,10,Previous
Trevor,Loss,1,1,2,10/27/2025,1|19000102|45957,4,2025,10,Previous
Trevor,Win,4,1,2,12/1/2025,1|19000102|45992,4,2025,12,Previous
Trevor,Loss,2,2,1,8/11/2025,2|19000101|45880,4,2025,8,Previous
Trevor,Loss,3,2,1,9/15/2025,2|19000101|45915,3,2025,9,Previous
Trevor,Loss,2,2,1,10/21/2025,2|19000101|45951,4,2025,10,Previous
Trevor,Loss,1,2,1,11/17/2025,2|19000101|45978,3,2025,11,Previous
Trevor,Loss,1,2,2,8/11/2025,2|19000102|45880,4,2025,8,Previous
Trevor,Loss,3,3,1,9/8/2025,3|19000101|45908,4,2025,9,Previous
Trevor,Loss,1,3,1,9/22/2025,3|19000101|45922,4,2025,9,Previous
Trevor,Win,3,3,1,10/6/2025,3|19000101|45936,4,2025,10,Previous
Trevor,Loss,2,3,1,10/13/2025,3|19000101|45943,4,2025,10,Previous
Trevor,Loss,1,3,1,11/10/2025,3|19000101|45971,4,2025,11,Previous
Trevor,Loss,3,3,2,8/4/2025,3|19000102|45873,4,2025,8,Previous
Trevor,Loss,1,3,2,9/8/2025,3|19000102|45908,4,2025,9,Previous
Trevor,Loss,5,3,2,10/13/2025,3|19000102|45943,5,2025,10,Previous
Trevor,Loss,4,3,2,11/17/2025,3|19000102|45978,4,2025,11,Previous
Trevor,Loss,2,3,2,11/24/2025,3|19000102|45985,3,2025,11,Previous
Trevor,Loss,2,4,2,9/15/2025,4|19000102|45915,3,2025,9,Previous
Trevor,Win,4,4,2,9/22/2025,4|19000102|45922,4,2025,9,Previous
Trevor,Win,3,4,2,10/21/2025,4|19000102|45951,4,2025,10,Previous
Trevor,Win,2,4,2,11/10/2025,4|19000102|45971,4,2025,11,Previous
Trevor,Loss,3,4,2,12/15/2025,4|19000102|46006,4,2025,12,Previous
Trevor,Draw,4,5,2,11/3/2025,5|19000102|45964,4,2025,11,Previous
Trevor,Loss,4,3,1,12/29/2025,3|19000101|46020,4,2025,12,Previous
Trevor,Loss,2,4,2,12/29/2025,4|19000102|46020,4,2025,12,Previous
Trevor,Loss,3,6,1,1/12/2026,6|19000101|46034,4,2026,1,Previous
Trevor,Loss,1,6,2,1/12/2026,6|19000102|46034,4,2026,1,Previous
Trevor,Loss,4,1,1,1/19/2026,1|19000101|46041,4,2026,1,Previous
Trevor,Loss,2,4,2,1/19/2026,4|19000102|46041,4,2026,1,Previous
Trevor,Win,2,3,1,1/26/2026,3|19000101|46048,3,2026,1,Previous
Trevor,Loss,3,5,2,1/26/2026,5|19000102|46048,4,2026,1,Previous
Trevor,Win,2,2,1,2/2/2026,2|19000101|46055,4,2026,2,Previous
Trevor,Loss,4,1,2,2/2/2026,1|19000102|46055,4,2026,2,Previous
Trevor,Draw,1,1,1,2/9/2026,1|19000101|46062,4,2026,2,Previous
Trevor,Loss,2,2,2,2/9/2026,2|19000102|46062,4,2026,2,Previous
Trevor,Loss,1,3,1,2/16/2026,3|19000101|46069,4,2026,2,Previous
Trevor,Draw,3,3,2,2/16/2026,3|19000102|46069,4,2026,2,Previous
Tyler,Loss,1,1,1,8/18/2025,1|19000101|45887,4,2025,8,Previous
Tyler,Loss,2,1,1,9/15/2025,1|19000101|45915,4,2025,9,Previous
Tyler,Loss,2,1,1,9/29/2025,1|19000101|45929,4,2025,9,Previous
Tyler,Loss,2,1,1,12/22/2025,1|19000101|46013,4,2025,12,Previous
Tyler,Loss,2,1,2,7/29/2025,1|19000102|45867,4,2025,7,Previous
Tyler,Loss,3,2,1,8/25/2025,2|19000101|45894,5,2025,8,Previous
Tyler,Loss,3,2,1,10/27/2025,2|19000101|45957,4,2025,10,Previous
Tyler,Loss,4,2,2,8/4/2025,2|19000102|45873,4,2025,8,Previous
Tyler,Loss,2,2,2,9/22/2025,2|19000102|45922,5,2025,9,Previous
Tyler,Loss,5,2,2,11/3/2025,2|19000102|45964,5,2025,11,Previous
Tyler,Loss,1,2,2,12/15/2025,2|19000102|46006,4,2025,12,Previous
Tyler,Loss,4,2,2,12/22/2025,2|19000102|46013,4,2025,12,Previous
Tyler,Loss,1,3,1,8/4/2025,3|19000101|45873,3,2025,8,Previous
Tyler,Loss,3,3,1,8/11/2025,3|19000101|45880,4,2025,8,Previous
Tyler,Loss,3,3,1,9/22/2025,3|19000101|45922,4,2025,9,Previous
Tyler,Loss,5,3,1,11/3/2025,3|19000101|45964,5,2025,11,Previous
Tyler,Loss,3,3,1,11/10/2025,3|19000101|45971,4,2025,11,Previous
Tyler,Loss,3,3,1,12/1/2025,3|19000101|45992,3,2025,12,Previous
Tyler,Loss,2,3,1,12/8/2025,3|19000101|45999,4,2025,12,Previous
Tyler,Loss,4,3,1,12/15/2025,3|19000101|46006,4,2025,12,Previous
Tyler,Loss,3,3,2,8/18/2025,3|19000102|45887,4,2025,8,Previous
Tyler,Loss,2,3,2,8/25/2025,3|19000102|45894,4,2025,8,Previous
Tyler,Loss,3,3,2,9/8/2025,3|19000102|45908,4,2025,9,Previous
Tyler,Loss,3,3,2,9/15/2025,3|19000102|45915,3,2025,9,Previous
Tyler,Loss,1,3,2,11/10/2025,3|19000102|45971,4,2025,11,Previous
Tyler,Win,1,4,1,7/29/2025,4|19000101|45867,3,2025,7,Previous
Tyler,Loss,2,4,1,9/8/2025,4|19000101|45908,3,2025,9,Previous
Tyler,Loss,4,4,2,8/11/2025,4|19000102|45880,4,2025,8,Previous
Tyler,Loss,2,4,2,9/29/2025,4|19000102|45929,4,2025,9,Previous
Tyler,Loss,4,4,2,10/27/2025,4|19000102|45957,5,2025,10,Previous
Tyler,Win,1,4,2,12/1/2025,4|19000102|45992,3,2025,12,Previous
Tyler,Win,3,4,2,12/8/2025,4|19000102|45999,3,2025,12,Previous
Tyler,Loss,2,2,1,12/29/2025,2|19000101|46020,4,2025,12,Previous
Tyler,Draw,4,3,2,12/29/2025,3|19000102|46020,4,2025,12,Previous
Tyler,Loss,4,3,1,1/5/2026,3|19000101|46027,4,2026,1,Previous
Tyler,Win,1,2,2,1/5/2026,2|19000102|46027,5,2026,1,Previous
Tyler,Loss,1,4,1,1/12/2026,4|19000101|46034,3,2026,1,Previous
Tyler,Loss,2,5,2,1/12/2026,5|19000102|46034,4,2026,1,Previous
Tyler,Win,2,2,1,1/19/2026,2|19000101|46041,4,2026,1,Previous
Tyler,Loss,2,1,2,1/19/2026,1|19000102|46041,4,2026,1,Previous
Tyler,Draw,4,1,1,1/26/2026,1|19000101|46048,4,2026,1,Previous
Tyler,Win,2,5,2,1/26/2026,5|19000102|46048,4,2026,1,Previous
Tyler,Loss,4,2,1,2/2/2026,2|19000101|46055,4,2026,2,Previous
Tyler,Loss,4,3,2,2/2/2026,3|19000102|46055,4,2026,2,Previous
Tyler,Draw,2,3,1,2/9/2026,3|19000101|46062,4,2026,2,Previous
Tyler,Loss,3,2,2,2/9/2026,2|19000102|46062,4,2026,2,Previous
Unknown,Loss,,1,1,7/21/2025,1|19000101|45859,4,2025,7,Previous
Unknown,Loss,,1,1,7/21/2025,1|19000101|45859,4,2025,7,Previous
Unknown,Loss,,1,2,7/21/2025,1|19000102|45859,4,2025,7,Previous
Unknown,Loss,,1,2,7/21/2025,1|19000102|45859,4,2025,7,Previous
Unknown,Loss,,1,2,7/21/2025,1|19000102|45859,4,2025,7,Previous
Unknown,Loss,,2,1,7/21/2025,2|19000101|45859,4,2025,7,Previous
Unknown,Loss,,2,1,7/21/2025,2|19000101|45859,4,2025,7,Previous
Unknown,Loss,,2,2,7/21/2025,2|19000102|45859,4,2025,7,Previous
Unknown,Loss,,2,2,7/21/2025,2|19000102|45859,4,2025,7,Previous
Unknown,Loss,,3,1,7/21/2025,3|19000101|45859,4,2025,7,Previous
Unknown,Loss,,3,1,7/21/2025,3|19000101|45859,4,2025,7,Previous
Unknown,Loss,,3,1,7/21/2025,3|19000101|45859,4,2025,7,Previous
Unknown,Loss,,3,2,7/21/2025,3|19000102|45859,4,2025,7,Previous
Unknown,Loss,,3,2,7/21/2025,3|19000102|45859,4,2025,7,Previous
Vance,Loss,,1,1,7/21/2025,1|19000101|45859,4,2025,7,Previous
Vance,Win,,1,2,7/21/2025,1|19000102|45859,4,2025,7,Previous
Vance,Loss,3,2,1,7/29/2025,2|19000101|45867,3,2025,7,Previous
Vance,Loss,1,4,2,7/29/2025,4|19000102|45867,3,2025,7,Previous
Zach D,Loss,2,1,1,10/13/2025,1|19000101|45943,5,2025,10,Previous
Zach D,Loss,5,1,1,10/27/2025,1|19000101|45957,5,2025,10,Previous
Zach D,Loss,2,1,2,10/21/2025,1|19000102|45951,4,2025,10,Previous
Zach D,Loss,2,2,1,11/3/2025,2|19000101|45964,5,2025,11,Previous
Zach D,Loss,4,2,1,11/10/2025,2|19000101|45971,4,2025,11,Previous
Zach D,Loss,4,2,2,10/13/2025,2|19000102|45943,4,2025,10,Previous
Zach D,Loss,1,2,2,11/10/2025,2|19000102|45971,4,2025,11,Previous
Zach D,Win,2,3,1,10/21/2025,3|19000101|45951,4,2025,10,Previous
Zach D,Loss,4,3,2,10/27/2025,3|19000102|45957,5,2025,10,Previous
Zach D,Loss,2,3,2,12/15/2025,3|19000102|46006,4,2025,12,Previous
Zach D,Loss,1,4,1,10/6/2025,4|19000101|45936,4,2025,10,Previous
Zach D,Loss,1,4,1,12/15/2025,4|19000101|46006,4,2025,12,Previous
Zach D,Loss,4,4,2,11/3/2025,4|19000102|45964,4,2025,11,Previous
Zack B,Loss,2,1,1,7/29/2025,1|19000101|45867,4,2025,7,Previous
Zack B,Loss,3,1,1,8/11/2025,1|19000101|45880,4,2025,8,Previous
Zack B,Loss,3,1,1,11/10/2025,1|19000101|45971,5,2025,11,Previous
Zack B,Win,1,1,2,10/6/2025,1|19000102|45936,4,2025,10,Previous
Zack B,Loss,2,1,2,10/13/2025,1|19000102|45943,4,2025,10,Previous
Zack B,Loss,3,1,2,11/24/2025,1|19000102|45985,4,2025,11,Previous
Zack B,Loss,5,2,1,8/25/2025,2|19000101|45894,5,2025,8,Previous
Zack B,Loss,3,2,1,9/8/2025,2|19000101|45908,4,2025,9,Previous
Zack B,Loss,3,2,1,9/22/2025,2|19000101|45922,4,2025,9,Previous
Zack B,Win,3,2,1,10/13/2025,2|19000101|45943,4,2025,10,Previous
Zack B,Loss,4,2,1,10/21/2025,2|19000101|45951,4,2025,10,Previous
Zack B,Win,2,2,2,9/8/2025,2|19000102|45908,4,2025,9,Previous
Zack B,Loss,3,2,2,9/15/2025,2|19000102|45915,4,2025,9,Previous
Zack B,Loss,4,2,2,9/22/2025,2|19000102|45922,5,2025,9,Previous
Zack B,Loss,3,3,1,9/15/2025,3|19000101|45915,3,2025,9,Previous
Zack B,Win,1,3,1,11/24/2025,3|19000101|45985,3,2025,11,Previous
Zack B,Loss,1,3,2,8/11/2025,3|19000102|45880,4,2025,8,Previous
Zack B,Loss,3,3,2,11/17/2025,3|19000102|45978,4,2025,11,Previous
Zack B,Win,4,4,1,10/6/2025,4|19000101|45936,4,2025,10,Previous
Zack B,Loss,1,4,1,11/17/2025,4|19000101|45978,3,2025,11,Previous
Zack B,Win,3,4,2,7/29/2025,4|19000102|45867,3,2025,7,Previous
Zack B,Loss,1,4,2,10/21/2025,4|19000102|45951,4,2025,10,Previous
Zack B,Loss,1,5,2,8/25/2025,5|19000102|45894,3,2025,8,Previous
Zack B,Win,3,5,2,11/10/2025,5|19000102|45971,4,2025,11,Previous
Zack B,Win,1,2,1,12/29/2025,2|19000101|46020,4,2025,12,Previous
Zack B,Win,1,1,2,12/29/2025,1|19000102|46020,4,2025,12,Previous
Zack B,Draw,3,1,1,1/5/2026,1|19000101|46027,5,2026,1,Previous
Zack B,Loss,2,3,2,1/5/2026,3|19000102|46027,5,2026,1,Previous
Zack B,Loss,2,1,1,1/12/2026,1|19000101|46034,4,2026,1,Previous
Zack B,Win,1,7,2,1/12/2026,7|19000102|46034,4,2026,1,Previous
Zack B,Loss,4,5,1,1/19/2026,5|19000101|46041,4,2026,1,Previous
Zack B,Loss,1,5,2,1/19/2026,5|19000102|46041,4,2026,1,Previous
Zack B,Loss,3,2,1,2/9/2026,2|19000101|46062,4,2026,2,Previous
Zack B,Win,1,2,2,2/9/2026,2|19000102|46062,4,2026,2,Previous
Dakota,Win,1,1,1,2/23/2026,1|19000101|46076,4,2026,2,Previous
Brendan,Loss,2,1,1,2/23/2026,1|19000101|46076,4,2026,2,Previous
Brett,Loss,3,1,1,2/23/2026,1|19000101|46076,4,2026,2,Previous
Nick D,Loss,4,1,1,2/23/2026,1|19000101|46076,4,2026,2,Previous
Tyler,Win,1,2,1,2/23/2026,2|19000101|46076,4,2026,2,Previous
Edwin,Loss,2,2,1,2/23/2026,2|19000101|46076,4,2026,2,Previous
Dave,Loss,3,2,1,2/23/2026,2|19000101|46076,4,2026,2,Previous
Brad,Loss,4,2,1,2/23/2026,2|19000101|46076,4,2026,2,Previous
Brandon,Loss,1,3,1,2/23/2026,3|19000101|46076,4,2026,2,Previous
Trevor,Win,2,3,1,2/23/2026,3|19000101|46076,4,2026,2,Previous
Rodney,Loss,3,3,1,2/23/2026,3|19000101|46076,4,2026,2,Previous
AJ,Loss,4,3,1,2/23/2026,3|19000101|46076,4,2026,2,Previous
Bryce,Win,1,4,1,2/23/2026,4|19000101|46076,3,2026,2,Previous
Zack B,Loss,2,4,1,2/23/2026,4|19000101|46076,3,2026,2,Previous
Adrian,Loss,3,4,1,2/23/2026,4|19000101|46076,3,2026,2,Previous
Forrest,Loss,1,5,1,2/23/2026,5|19000101|46076,3,2026,2,Previous
Jake,Loss,2,5,1,2/23/2026,5|19000101|46076,3,2026,2,Previous
Charlie,Win,3,5,1,2/23/2026,5|19000101|46076,3,2026,2,Previous
Trevor,Loss,1,1,2,2/23/2026,1|19000102|46076,4,2026,2,Previous
Tyler,Loss,2,1,2,2/23/2026,1|19000102|46076,4,2026,2,Previous
Bryce,Win,3,1,2,2/23/2026,1|19000102|46076,4,2026,2,Previous
Dakota,Loss,4,1,2,2/23/2026,1|19000102|46076,4,2026,2,Previous
Nick D,Loss,1,2,2,2/23/2026,2|19000102|46076,4,2026,2,Previous
Adrian,Win,2,2,2,2/23/2026,2|19000102|46076,4,2026,2,Previous
Charlie,Loss,3,2,2,2/23/2026,2|19000102|46076,4,2026,2,Previous
Dave,Loss,4,2,2,2/23/2026,2|19000102|46076,4,2026,2,Previous
Brad,Loss,1,3,2,2/23/2026,3|19000102|46076,4,2026,2,Previous
AJ,Win,2,3,2,2/23/2026,3|19000102|46076,4,2026,2,Previous
Zack B,Loss,3,3,2,2/23/2026,3|19000102|46076,4,2026,2,Previous
Jake,Loss,4,3,2,2/23/2026,3|19000102|46076,4,2026,2,Previous
Brendan,Win,1,4,2,2/23/2026,4|19000102|46076,3,2026,2,Previous
Forrest,Loss,2,4,2,2/23/2026,4|19000102|46076,3,2026,2,Previous
Brandon,Loss,3,4,2,2/23/2026,4|19000102|46076,3,2026,2,Previous
Brett,Draw,1,5,2,2/23/2026,5|19000102|46076,3,2026,2,Previous
Rodney,Draw,2,5,2,2/23/2026,5|19000102|46076,3,2026,2,Previous
Edwin,Draw,3,5,2,2/23/2026,5|19000102|46076,3,2026,2,Previous
Arman H,Draw,1,1,1,3/2/2026,1|19000101|46083,4,2026,3,Previous
Brendan,Draw,2,1,1,3/2/2026,1|19000101|46083,4,2026,3,Previous
Austin D,Draw,3,1,1,3/2/2026,1|19000101|46083,4,2026,3,Previous
Zack B,Draw,4,1,1,3/2/2026,1|19000101|46083,4,2026,3,Previous
Trevor,Draw,1,2,1,3/2/2026,2|19000101|46083,4,2026,3,Previous
Isaac B,Draw,2,2,1,3/2/2026,2|19000101|46083,4,2026,3,Previous
Eli,Draw,3,2,1,3/2/2026,2|19000101|46083,4,2026,3,Previous
Bryce,Draw,4,2,1,3/2/2026,2|19000101|46083,4,2026,3,Previous
Brandon,Loss,1,3,1,3/2/2026,3|19000101|46083,4,2026,3,Previous
Justin M,Win,2,3,1,3/2/2026,3|19000101|46083,4,2026,3,Previous
Tyler,Loss,3,3,1,3/2/2026,3|19000101|46083,4,2026,3,Previous
Edwin,Loss,4,3,1,3/2/2026,3|19000101|46083,4,2026,3,Previous
Rodney,Loss,1,4,1,3/2/2026,4|19000101|46083,4,2026,3,Previous
Jarrod O,Loss,3,6,1,3/2/2026,6|19000101|46083,4,2026,3,Previous
Fernando J,Loss,3,4,1,3/2/2026,4|19000101|46083,4,2026,3,Previous
Dave,Loss,4,4,1,3/2/2026,4|19000101|46083,4,2026,3,Previous
AJ,Loss,1,5,1,3/2/2026,5|19000101|46083,4,2026,3,Previous
Brad,Win,2,5,1,3/2/2026,5|19000101|46083,4,2026,3,Previous
Charlie,Loss,3,5,1,3/2/2026,5|19000101|46083,4,2026,3,Previous
Dakota,Loss,4,5,1,3/2/2026,5|19000101|46083,4,2026,3,Previous
Brett,Win,1,6,1,3/2/2026,6|19000101|46083,4,2026,3,Previous
Forrest,Loss,2,6,1,3/2/2026,6|19000101|46083,4,2026,3,Previous
Jarrod O,Loss,1,6,2,3/2/2026,6|19000102|46083,3,2026,3,Previous
Ryan,Loss,4,6,1,3/2/2026,6|19000101|46083,4,2026,3,Previous
Brandon,Win,1,1,2,3/2/2026,1|19000102|46083,3,2026,3,Previous
Ryan,Loss,2,1,2,3/2/2026,1|19000102|46083,3,2026,3,Previous
Rodney,Loss,3,1,2,3/2/2026,1|19000102|46083,3,2026,3,Previous
Nick D,Loss,1,2,2,3/2/2026,2|19000102|46083,4,2026,3,Previous
Bryce,Loss,2,2,2,3/2/2026,2|19000102|46083,4,2026,3,Previous
Brad,Loss,3,2,2,3/2/2026,2|19000102|46083,4,2026,3,Previous
Austin D,Win,4,2,2,3/2/2026,2|19000102|46083,4,2026,3,Previous
Dave,Loss,1,3,2,3/2/2026,3|19000102|46083,4,2026,3,Previous
Isaac B,Loss,2,3,2,3/2/2026,3|19000102|46083,4,2026,3,Previous
Arman H,Loss,3,3,2,3/2/2026,3|19000102|46083,4,2026,3,Previous
Brett,Win,4,3,2,3/2/2026,3|19000102|46083,4,2026,3,Previous
Zack B,Draw,1,4,2,3/2/2026,4|19000102|46083,4,2026,3,Previous
Eli,Draw,2,4,2,3/2/2026,4|19000102|46083,4,2026,3,Previous
Justin M,Draw,3,4,2,3/2/2026,4|19000102|46083,4,2026,3,Previous
Forrest,Draw,4,4,2,3/2/2026,4|19000102|46083,4,2026,3,Previous
Jarrod O,Draw,3,3,1,3/16/2026,3|19000101|46097,4,2026,3,Previous
Trevor,Loss,2,5,2,3/2/2026,5|19000102|46083,4,2026,3,Previous
Edwin,Loss,3,5,2,3/2/2026,5|19000102|46083,4,2026,3,Previous
Brendan,Loss,4,5,2,3/2/2026,5|19000102|46083,4,2026,3,Previous
Jarrod O,Loss,1,3,2,3/16/2026,3|19000102|46097,4,2026,3,Previous
AJ,Win,2,6,2,3/2/2026,6|19000102|46083,3,2026,3,Previous
Charlie,Loss,3,6,2,3/2/2026,6|19000102|46083,3,2026,3,Previous
Dakota,Loss,1,7,2,3/2/2026,7|19000102|46083,3,2026,3,Previous
Tyler,Win,2,7,2,3/2/2026,7|19000102|46083,3,2026,3,Previous
Fernando J,Loss,3,7,2,3/2/2026,7|19000102|46083,3,2026,3,Previous
Trevor,Draw,1,1,1,3/9/2026,1|19000101|46090,4,2026,3,Previous
Brandon A,Draw,2,1,1,3/9/2026,1|19000101|46090,4,2026,3,Previous
Rodney,Draw,3,1,1,3/9/2026,1|19000101|46090,4,2026,3,Previous
Eli,Draw,4,1,1,3/9/2026,1|19000101|46090,4,2026,3,Previous
John B,Loss,3,5,1,1/12/2026,5|19000101|46034,4,2026,1,Previous
Zack B,Loss,2,2,1,3/9/2026,2|19000101|46090,4,2026,3,Previous
Forrest,Loss,3,2,1,3/9/2026,2|19000101|46090,4,2026,3,Previous
Brad,Loss,4,2,1,3/9/2026,2|19000101|46090,4,2026,3,Previous
Tyler,Loss,1,3,1,3/9/2026,3|19000101|46090,4,2026,3,Previous
Jake,Win,2,3,1,3/9/2026,3|19000101|46090,4,2026,3,Previous
Brandon,Loss,3,3,1,3/9/2026,3|19000101|46090,4,2026,3,Previous
Charlie,Loss,4,3,1,3/9/2026,3|19000101|46090,4,2026,3,Previous
Leo C,Loss,1,4,1,3/9/2026,4|19000101|46090,4,2026,3,Previous
Matt P,Loss,2,4,1,3/9/2026,4|19000101|46090,4,2026,3,Previous
Sage,Win,3,4,1,3/9/2026,4|19000101|46090,4,2026,3,Previous
Ethan S,Loss,4,4,1,3/9/2026,4|19000101|46090,4,2026,3,Previous
Brett,Win,1,5,1,3/9/2026,5|19000101|46090,4,2026,3,Previous
Zack D,Loss,2,5,1,3/9/2026,5|19000101|46090,4,2026,3,Previous
Eric E,Loss,3,5,1,3/9/2026,5|19000101|46090,4,2026,3,Previous
Bryce,Loss,4,5,1,3/9/2026,5|19000101|46090,4,2026,3,Previous
Isaac B,Win,1,6,1,3/9/2026,6|19000101|46090,4,2026,3,Previous
Dakota,Loss,2,6,1,3/9/2026,6|19000101|46090,4,2026,3,Previous
Dave,Loss,3,6,1,3/9/2026,6|19000101|46090,4,2026,3,Previous
Edwin,Loss,4,6,1,3/9/2026,6|19000101|46090,4,2026,3,Previous
Arman H,Draw,1,7,1,3/9/2026,7|19000101|46090,5,2026,3,Previous
Brendan,Draw,2,7,1,3/9/2026,7|19000101|46090,5,2026,3,Previous
Nick D,Draw,3,7,1,3/9/2026,7|19000101|46090,5,2026,3,Previous
AJ,Draw,4,7,1,3/9/2026,7|19000101|46090,5,2026,3,Previous
Kevin S,Draw,5,7,1,3/9/2026,7|19000101|46090,5,2026,3,Previous
Matt P,Loss,1,1,2,3/9/2026,1|19000102|46090,4,2026,3,Previous
Eli,Loss,2,1,2,3/9/2026,1|19000102|46090,4,2026,3,Previous
Nick D,Loss,3,1,2,3/9/2026,1|19000102|46090,4,2026,3,Previous
John B,Loss,3,7,2,1/12/2026,7|19000102|46034,4,2026,1,Previous
Eric E,Win,1,2,2,3/9/2026,2|19000102|46090,4,2026,3,Previous
Isaac B,Loss,2,2,2,3/9/2026,2|19000102|46090,4,2026,3,Previous
Brandon A,Loss,3,2,2,3/9/2026,2|19000102|46090,4,2026,3,Previous
Arman H,Loss,4,2,2,3/9/2026,2|19000102|46090,4,2026,3,Previous
Jake,Loss,1,3,2,3/9/2026,3|19000102|46090,4,2026,3,Previous
Edwin,Loss,2,3,2,3/9/2026,3|19000102|46090,4,2026,3,Previous
AJ,Win,3,3,2,3/9/2026,3|19000102|46090,4,2026,3,Previous
Trevor,Loss,4,3,2,3/9/2026,3|19000102|46090,4,2026,3,Previous
Brad,Loss,1,4,2,3/9/2026,4|19000102|46090,4,2026,3,Previous
Brett,Win,2,4,2,3/9/2026,4|19000102|46090,4,2026,3,Previous
Rodney,Loss,3,4,2,3/9/2026,4|19000102|46090,4,2026,3,Previous
Brendan,Loss,4,4,2,3/9/2026,4|19000102|46090,4,2026,3,Previous
Charlie,Loss,1,5,2,3/9/2026,5|19000102|46090,4,2026,3,Previous
Kevin S,Loss,2,5,2,3/9/2026,5|19000102|46090,4,2026,3,Previous
Sage,Win,3,5,2,3/9/2026,5|19000102|46090,4,2026,3,Previous
Zack D,Loss,4,5,2,3/9/2026,5|19000102|46090,4,2026,3,Previous
Ethan S,Loss,1,6,2,3/9/2026,6|19000102|46090,4,2026,3,Previous
Tyler,Loss,2,6,2,3/9/2026,6|19000102|46090,4,2026,3,Previous
Forrest,Win,3,6,2,3/9/2026,6|19000102|46090,4,2026,3,Previous
Dakota,Loss,4,6,2,3/9/2026,6|19000102|46090,4,2026,3,Previous
Dave,Draw,1,7,2,3/9/2026,7|19000102|46090,4,2026,3,Previous
Bryce,Draw,2,7,2,3/9/2026,7|19000102|46090,4,2026,3,Previous
Brandon,Draw,3,7,2,3/9/2026,7|19000102|46090,4,2026,3,Previous
Zack B,Draw,4,7,2,3/9/2026,7|19000102|46090,4,2026,3,Previous
Trevor,Draw,1,1,1,3/16/2026,1|19000101|46097,4,2026,3,Previous
Eli,Draw,2,1,1,3/16/2026,1|19000101|46097,4,2026,3,Previous
Eric E,Draw,3,1,1,3/16/2026,1|19000101|46097,4,2026,3,Previous
Rodney,Draw,4,1,1,3/16/2026,1|19000101|46097,4,2026,3,Previous
Tyler,Win,1,2,1,3/16/2026,2|19000101|46097,4,2026,3,Previous
AJ,Loss,2,2,1,3/16/2026,2|19000101|46097,4,2026,3,Previous
Charlie,Loss,3,2,1,3/16/2026,2|19000101|46097,4,2026,3,Previous
Brendan,Loss,4,2,1,3/16/2026,2|19000101|46097,4,2026,3,Previous
Brett,Draw,1,3,1,3/16/2026,3|19000101|46097,4,2026,3,Previous
Dakota,Draw,2,3,1,3/16/2026,3|19000101|46097,4,2026,3,Previous
John B,Win,1,5,1,1/19/2026,5|19000101|46041,4,2026,1,Previous
Brandon,Draw,4,3,1,3/16/2026,3|19000101|46097,4,2026,3,Previous
Bryce,Win,1,4,1,3/16/2026,4|19000101|46097,3,2026,3,Previous
Jake,Loss,2,4,1,3/16/2026,4|19000101|46097,3,2026,3,Previous
Arman H,Loss,3,4,1,3/16/2026,4|19000101|46097,3,2026,3,Previous
Zack B,Loss,1,5,1,3/16/2026,5|19000101|46097,3,2026,3,Previous
Edwin,Loss,2,5,1,3/16/2026,5|19000101|46097,3,2026,3,Previous
Devyn,Win,3,5,1,3/16/2026,5|19000101|46097,3,2026,3,Previous
Devyn,Loss,1,1,2,3/16/2026,1|19000102|46097,4,2026,3,Previous
Bryce,Win,2,1,2,3/16/2026,1|19000102|46097,4,2026,3,Previous
Tyler,Loss,3,1,2,3/16/2026,1|19000102|46097,4,2026,3,Previous
Eli,Loss,4,1,2,3/16/2026,1|19000102|46097,4,2026,3,Previous
Dakota,Win,1,2,2,3/16/2026,2|19000102|46097,4,2026,3,Previous
Eric E,Loss,2,2,2,3/16/2026,2|19000102|46097,4,2026,3,Previous
AJ,Loss,3,2,2,3/16/2026,2|19000102|46097,4,2026,3,Previous
Edwin,Loss,4,2,2,3/16/2026,2|19000102|46097,4,2026,3,Previous
John B,Loss,4,1,2,1/19/2026,1|19000102|46041,4,2026,1,Previous
Arman H,Win,2,3,2,3/16/2026,3|19000102|46097,4,2026,3,Previous
Charlie,Loss,3,3,2,3/16/2026,3|19000102|46097,4,2026,3,Previous
Trevor,Loss,4,3,2,3/16/2026,3|19000102|46097,4,2026,3,Previous
Jake,Loss,1,4,2,3/16/2026,4|19000102|46097,3,2026,3,Previous
Brandon,Loss,2,4,2,3/16/2026,4|19000102|46097,3,2026,3,Previous
Rodney,Win,3,4,2,3/16/2026,4|19000102|46097,3,2026,3,Previous
Brett,Win,1,5,2,3/16/2026,5|19000102|46097,3,2026,3,Previous
Brendan,Loss,2,5,2,3/16/2026,5|19000102|46097,3,2026,3,Previous
Zack B,Loss,3,5,2,3/16/2026,5|19000102|46097,3,2026,3,Previous
Zack B,Loss,1,1,1,3/23/2026,1|19000101|46104,4,2026,3,Previous
AJ,Loss,2,1,1,3/23/2026,1|19000101|46104,4,2026,3,Previous
Bryce,Win,3,1,1,3/23/2026,1|19000101|46104,4,2026,3,Previous
Brad,Loss,4,1,1,3/23/2026,1|19000101|46104,4,2026,3,Previous
Mark,Win,1,2,1,3/23/2026,2|19000101|46104,4,2026,3,Previous
Charlie,Loss,2,2,1,3/23/2026,2|19000101|46104,4,2026,3,Previous
Matthew P,Loss,3,2,1,3/23/2026,2|19000101|46104,4,2026,3,Previous
Brendan,Loss,4,2,1,3/23/2026,2|19000101|46104,4,2026,3,Previous
Arman H,Loss,1,3,1,3/23/2026,3|19000101|46104,4,2026,3,Previous
Eric E,Win,2,3,1,3/23/2026,3|19000101|46104,4,2026,3,Previous
Trevor,Loss,3,3,1,3/23/2026,3|19000101|46104,4,2026,3,Previous
Jarrod O,Loss,4,3,1,3/23/2026,3|19000101|46104,4,2026,3,Previous
Brandon,Loss,1,4,1,3/23/2026,4|19000101|46104,4,2026,3,Previous
Tony W,Win,2,4,1,3/23/2026,4|19000101|46104,4,2026,3,Previous
Edwin,Loss,3,4,1,3/23/2026,4|19000101|46104,4,2026,3,Previous
Austin D,Loss,4,4,1,3/23/2026,4|19000101|46104,4,2026,3,Previous
Tyler,Loss,1,5,1,3/23/2026,5|19000101|46104,4,2026,3,Previous
Brandon A,Win,2,5,1,3/23/2026,5|19000101|46104,4,2026,3,Previous
Eli,Loss,3,5,1,3/23/2026,5|19000101|46104,4,2026,3,Previous
Rodney,Loss,4,5,1,3/23/2026,5|19000101|46104,4,2026,3,Previous
Harley A,Loss,1,6,1,3/23/2026,6|19000101|46104,4,2026,3,Previous
Brett,Win,2,6,1,3/23/2026,6|19000101|46104,4,2026,3,Previous
Isaac B,Loss,3,6,1,3/23/2026,6|19000101|46104,4,2026,3,Previous
Jake,Loss,4,6,1,3/23/2026,6|19000101|46104,4,2026,3,Previous
Brad,Win,1,1,2,3/23/2026,1|19000102|46104,4,2026,3,Previous
Tyler,Loss,2,1,2,3/23/2026,1|19000102|46104,4,2026,3,Previous
Austin D,Loss,3,1,2,3/23/2026,1|19000102|46104,4,2026,3,Previous
Brett,Loss,4,1,2,3/23/2026,1|19000102|46104,4,2026,3,Previous
Mark,Draw,1,2,2,3/23/2026,2|19000102|46104,4,2026,3,Previous
Harley A,Draw,2,2,2,3/23/2026,2|19000102|46104,4,2026,3,Previous
Eli,Draw,3,2,2,3/23/2026,2|19000102|46104,4,2026,3,Previous
Brandon,Draw,4,2,2,3/23/2026,2|19000102|46104,4,2026,3,Previous
Brendan,Loss,1,3,2,3/23/2026,3|19000102|46104,4,2026,3,Previous
Trevor,Win,2,3,2,3/23/2026,3|19000102|46104,4,2026,3,Previous
Isaac B,Loss,3,3,2,3/23/2026,3|19000102|46104,4,2026,3,Previous
Tony W,Loss,4,3,2,3/23/2026,3|19000102|46104,4,2026,3,Previous
Jake,Loss,1,4,2,3/23/2026,4|19000102|46104,4,2026,3,Previous
Edwin,Win,2,4,2,3/23/2026,4|19000102|46104,4,2026,3,Previous
Jarrod O,Loss,3,4,2,3/23/2026,4|19000102|46104,4,2026,3,Previous
Brandon A,Loss,4,4,2,3/23/2026,4|19000102|46104,4,2026,3,Previous
Rodney,Draw,1,5,2,3/23/2026,5|19000102|46104,4,2026,3,Previous
Charlie,Draw,2,5,2,3/23/2026,5|19000102|46104,4,2026,3,Previous
Eric E,Draw,3,5,2,3/23/2026,5|19000102|46104,4,2026,3,Previous
Zack B,Draw,4,5,2,3/23/2026,5|19000102|46104,4,2026,3,Previous
Matthew P,Draw,1,6,2,3/23/2026,6|19000102|46104,4,2026,3,Previous
Arman H,Draw,2,6,2,3/23/2026,6|19000102|46104,4,2026,3,Previous
Bryce,Draw,3,6,2,3/23/2026,6|19000102|46104,4,2026,3,Previous
AJ,Draw,4,6,2,3/23/2026,6|19000102|46104,4,2026,3,Previous
Fernando J,Loss,1,1,1,3/30/2026,1|19000101|46111,4,2026,3,Previous
Brad,Win,2,1,1,3/30/2026,1|19000101|46111,4,2026,3,Previous
Devyn,Loss,3,1,1,3/30/2026,1|19000101|46111,4,2026,3,Previous
Dave,Loss,4,1,1,3/30/2026,1|19000101|46111,4,2026,3,Previous
Eric E,Win,1,2,1,3/30/2026,2|19000101|46111,4,2026,3,Previous
Eli,Loss,2,2,1,3/30/2026,2|19000101|46111,4,2026,3,Previous
Tyler,Loss,3,2,1,3/30/2026,2|19000101|46111,4,2026,3,Previous
Charlie,Loss,4,2,1,3/30/2026,2|19000101|46111,4,2026,3,Previous
Jake,Loss,1,3,1,3/30/2026,3|19000101|46111,4,2026,3,Previous
Jon,Loss,2,3,1,3/30/2026,3|19000101|46111,4,2026,3,Previous
Isaac B,Loss,3,3,1,3/30/2026,3|19000101|46111,4,2026,3,Previous
Brendan,Win,4,3,1,3/30/2026,3|19000101|46111,4,2026,3,Previous
Justin M,Win,1,4,1,3/30/2026,4|19000101|46111,3,2026,3,Previous
Trevor,Loss,2,4,1,3/30/2026,4|19000101|46111,3,2026,3,Previous
Brett,Loss,3,4,1,3/30/2026,4|19000101|46111,3,2026,3,Previous
Brandon A,Win,1,5,1,3/30/2026,5|19000101|46111,3,2026,3,Previous
Arman H,Loss,2,5,1,3/30/2026,5|19000101|46111,3,2026,3,Previous
Edwin,Loss,3,5,1,3/30/2026,5|19000101|46111,3,2026,3,Previous
AJ,Loss,1,6,1,3/30/2026,6|19000101|46111,3,2026,3,Previous
Brandon,Loss,2,6,1,3/30/2026,6|19000101|46111,3,2026,3,Previous
Bryce,Win,3,6,1,3/30/2026,6|19000101|46111,3,2026,3,Previous
Charlie,Win,1,1,2,3/30/2026,1|19000102|46111,3,2026,3,Previous
Brandon,Loss,2,1,2,3/30/2026,1|19000102|46111,3,2026,3,Previous
Jake,Loss,3,1,2,3/30/2026,1|19000102|46111,3,2026,3,Previous
Devyn,Loss,1,2,2,3/30/2026,2|19000102|46111,3,2026,3,Previous
Jon,Loss,2,2,2,3/30/2026,2|19000102|46111,3,2026,3,Previous
Tyler,Win,3,2,2,3/30/2026,2|19000102|46111,3,2026,3,Previous
Trevor,Draw,1,3,2,3/30/2026,3|19000102|46111,4,2026,3,Previous
Brad,Draw,2,3,2,3/30/2026,3|19000102|46111,4,2026,3,Previous
Bryce,Draw,3,3,2,3/30/2026,3|19000102|46111,4,2026,3,Previous
Edwin,Draw,4,3,2,3/30/2026,3|19000102|46111,4,2026,3,Previous
Arman H,Loss,1,4,2,3/30/2026,4|19000102|46111,4,2026,3,Previous
AJ,Loss,2,4,2,3/30/2026,4|19000102|46111,4,2026,3,Previous
Justin M,Loss,3,4,2,3/30/2026,4|19000102|46111,4,2026,3,Previous
Fernando J,Win,4,4,2,3/30/2026,4|19000102|46111,4,2026,3,Previous
Brett,Draw,1,5,2,3/30/2026,5|19000102|46111,4,2026,3,Previous
Brendan,Draw,2,5,2,3/30/2026,5|19000102|46111,4,2026,3,Previous
Eli,Draw,3,5,2,3/30/2026,5|19000102|46111,4,2026,3,Previous
Brandon A,Draw,4,5,2,3/30/2026,5|19000102|46111,4,2026,3,Previous
Dave,Loss,1,6,2,3/30/2026,6|19000102|46111,3,2026,3,Previous
Isaac B,Win,2,6,2,3/30/2026,6|19000102|46111,3,2026,3,Previous
Eric E,Loss,3,6,2,3/30/2026,6|19000102|46111,3,2026,3,Previous
Bryce,Loss,1,1,1,4/6/2026,1|19000101|46118,4,2026,4,Previous
Charlie,Loss,2,1,1,4/6/2026,1|19000101|46118,4,2026,4,Previous
Trevor,Loss,3,1,1,4/6/2026,1|19000101|46118,4,2026,4,Previous
Harley A,Win,4,1,1,4/6/2026,1|19000101|46118,4,2026,4,Previous
Zack B,Loss,1,2,1,4/6/2026,2|19000101|46118,4,2026,4,Previous
Eli,Loss,2,2,1,4/6/2026,2|19000101|46118,4,2026,4,Previous
Lee,Loss,3,2,1,4/6/2026,2|19000101|46118,4,2026,4,Previous
Brad,Win,4,2,1,4/6/2026,2|19000101|46118,4,2026,4,Previous
Brandon,Loss,1,3,1,4/6/2026,3|19000101|46118,4,2026,4,Previous
Isaac B,Win,2,3,1,4/6/2026,3|19000101|46118,4,2026,4,Previous
Dave,Loss,3,3,1,4/6/2026,3|19000101|46118,4,2026,4,Previous
AJ,Loss,4,3,1,4/6/2026,3|19000101|46118,4,2026,4,Previous
Arman H,Loss,1,4,1,4/6/2026,4|19000101|46118,4,2026,4,Previous
Brett,Loss,2,4,1,4/6/2026,4|19000101|46118,4,2026,4,Previous
Austin D,Loss,3,4,1,4/6/2026,4|19000101|46118,4,2026,4,Previous
Rodney,Win,4,4,1,4/6/2026,4|19000101|46118,4,2026,4,Previous
Tyler,Loss,1,5,1,4/6/2026,5|19000101|46118,3,2026,4,Previous
Steve A-G,Loss,2,5,1,4/6/2026,5|19000101|46118,3,2026,4,Previous
Brendan,Win,3,5,1,4/6/2026,5|19000101|46118,3,2026,4,Previous
Alexander D,Loss,1,6,1,4/6/2026,6|19000101|46118,3,2026,4,Previous
Nicholas S,Win,2,6,1,4/6/2026,6|19000101|46118,3,2026,4,Previous
Jake,Loss,3,6,1,4/6/2026,6|19000101|46118,3,2026,4,Previous
Nicholas S,Loss,1,1,2,4/6/2026,1|19000102|46118,4,2026,4,Previous
Lee,Loss,2,1,2,4/6/2026,1|19000102|46118,4,2026,4,Previous
Steve A-G,Loss,3,1,2,4/6/2026,1|19000102|46118,4,2026,4,Previous
Brett,Win,4,1,2,4/6/2026,1|19000102|46118,4,2026,4,Previous
Brendan,Loss,1,2,2,4/6/2026,2|19000102|46118,4,2026,4,Previous
Austin D,Win,2,2,2,4/6/2026,2|19000102|46118,4,2026,4,Previous
Charlie,Loss,3,2,2,4/6/2026,2|19000102|46118,4,2026,4,Previous
Alexander D,Loss,4,2,2,4/6/2026,2|19000102|46118,4,2026,4,Previous
Jake,Loss,1,3,2,4/6/2026,3|19000102|46118,4,2026,4,Previous
Brandon,Loss,2,3,2,4/6/2026,3|19000102|46118,4,2026,4,Previous
Rodney,Win,3,3,2,4/6/2026,3|19000102|46118,4,2026,4,Previous
Tyler,Loss,4,3,2,4/6/2026,3|19000102|46118,4,2026,4,Previous
Isaac B,Draw,1,4,2,4/6/2026,4|19000102|46118,4,2026,4,Previous
Trevor,Draw,2,4,2,4/6/2026,4|19000102|46118,4,2026,4,Previous
Arman H,Draw,3,4,2,4/6/2026,4|19000102|46118,4,2026,4,Previous
Zack B,Draw,4,4,2,4/6/2026,4|19000102|46118,4,2026,4,Previous
Harley A,Win,1,5,2,4/6/2026,5|19000102|46118,3,2026,4,Previous
AJ,Loss,2,5,2,4/6/2026,5|19000102|46118,3,2026,4,Previous
Eli,Loss,3,5,2,4/6/2026,5|19000102|46118,3,2026,4,Previous
Dave,Loss,1,6,2,4/6/2026,6|19000102|46118,3,2026,4,Previous
Brad,Win,2,6,2,4/6/2026,6|19000102|46118,3,2026,4,Previous
Bryce,Loss,3,6,2,4/6/2026,6|19000102|46118,3,2026,4,Previous
Tyler,Loss,1,1,1,4/13/2026,1|19000101|46125,4,2026,4,Previous
Charlie,Loss,2,1,1,4/13/2026,1|19000101|46125,4,2026,4,Previous
Dave,Loss,3,1,1,4/13/2026,1|19000101|46125,4,2026,4,Previous
Zack B,Win,4,1,1,4/13/2026,1|19000101|46125,4,2026,4,Previous
Bryce,Draw,1,2,1,4/13/2026,2|19000101|46125,4,2026,4,Previous
Sean,Draw,2,2,1,4/13/2026,2|19000101|46125,4,2026,4,Previous
Dakota,Draw,3,2,1,4/13/2026,2|19000101|46125,4,2026,4,Previous
Eli,Draw,4,2,1,4/13/2026,2|19000101|46125,4,2026,4,Previous
Eric E,Win,1,3,1,4/13/2026,3|19000101|46125,3,2026,4,Previous
AJ,Loss,2,3,1,4/13/2026,3|19000101|46125,3,2026,4,Previous
Brendan,Loss,3,3,1,4/13/2026,3|19000101|46125,3,2026,4,Previous
Justin M,Loss,1,4,1,4/13/2026,4|19000101|46125,3,2026,4,Previous
Nicholas S,Win,2,4,1,4/13/2026,4|19000101|46125,3,2026,4,Previous
Brad,Loss,3,4,1,4/13/2026,4|19000101|46125,3,2026,4,Previous
Jon,Loss,1,5,1,4/13/2026,5|19000101|46125,3,2026,4,Previous
Brett,Win,2,5,1,4/13/2026,5|19000101|46125,3,2026,4,Previous
Jake,Loss,3,5,1,4/13/2026,5|19000101|46125,3,2026,4,Previous
Eli,Win,1,1,2,4/13/2026,1|19000102|46125,3,2026,4,Previous
Dave,Loss,2,1,2,4/13/2026,1|19000102|46125,3,2026,4,Previous
Jon,Loss,3,1,2,4/13/2026,1|19000102|46125,3,2026,4,Previous
Brendan,Win,1,2,2,4/13/2026,2|19000102|46125,3,2026,4,Previous
Brad,Loss,2,2,2,4/13/2026,2|19000102|46125,3,2026,4,Previous
Dakota,Loss,3,2,2,4/13/2026,2|19000102|46125,3,2026,4,Previous
Nicholas S,Loss,1,3,2,4/13/2026,3|19000102|46125,4,2026,4,Previous
Zack B,Loss,2,3,2,4/13/2026,3|19000102|46125,4,2026,4,Previous
Brett,Loss,3,3,2,4/13/2026,3|19000102|46125,4,2026,4,Previous
Eric E,Win,4,3,2,4/13/2026,3|19000102|46125,4,2026,4,Previous
Jake,Loss,1,4,2,4/13/2026,4|19000102|46125,4,2026,4,Previous
AJ,Loss,2,4,2,4/13/2026,4|19000102|46125,4,2026,4,Previous
Charlie,Loss,3,4,2,4/13/2026,4|19000102|46125,4,2026,4,Previous
Bryce,Win,4,4,2,4/13/2026,4|19000102|46125,4,2026,4,Previous
Tyler,Win,1,5,2,4/13/2026,5|19000102|46125,3,2026,4,Previous
Sean,Loss,2,5,2,4/13/2026,5|19000102|46125,3,2026,4,Previous
Justin M,Loss,3,5,2,4/13/2026,5|19000102|46125,3,2026,4,Previous
Rodney,Loss,1,1,1,4/20/2026,1|19000101|46132,4,2026,4,Previous
Nicholas S,Win,2,1,1,4/20/2026,1|19000101|46132,4,2026,4,Previous
Andy,Loss,3,1,1,4/20/2026,1|19000101|46132,4,2026,4,Previous
Tony W,Loss,4,1,1,4/20/2026,1|19000101|46132,4,2026,4,Previous
Brett,Loss,1,2,1,4/20/2026,2|19000101|46132,4,2026,4,Previous
Brendan,Win,2,2,1,4/20/2026,2|19000101|46132,4,2026,4,Previous
AJ,Loss,3,2,1,4/20/2026,2|19000101|46132,4,2026,4,Previous
Brandon A,Loss,4,2,1,4/20/2026,2|19000101|46132,4,2026,4,Previous
Dave,Loss,1,3,1,4/20/2026,3|19000101|46132,4,2026,4,Previous
Brad,Win,2,3,1,4/20/2026,3|19000101|46132,4,2026,4,Previous
Brandon,Loss,3,3,1,4/20/2026,3|19000101|46132,4,2026,4,Previous
Isaac B,Loss,4,3,1,4/20/2026,3|19000101|46132,4,2026,4,Previous
Jake,Win,1,4,1,4/20/2026,4|19000101|46132,3,2026,4,Previous
Edwin,Loss,2,4,1,4/20/2026,4|19000101|46132,3,2026,4,Previous
Charlie,Loss,3,4,1,4/20/2026,4|19000101|46132,3,2026,4,Previous
Justin M,Win,1,5,1,4/20/2026,5|19000101|46132,3,2026,4,Previous
Tyler,Loss,2,5,1,4/20/2026,5|19000101|46132,3,2026,4,Previous
Zack B,Loss,3,5,1,4/20/2026,5|19000101|46132,3,2026,4,Previous
Eric E,Loss,1,6,1,4/20/2026,6|19000101|46132,3,2026,4,Previous
Bryce,Win,2,6,1,4/20/2026,6|19000101|46132,3,2026,4,Previous
Eli,Loss,3,6,1,4/20/2026,6|19000101|46132,3,2026,4,Previous
Dave,Win,1,1,2,4/20/2026,1|19000102|46132,3,2026,4,Previous
Tony W,Loss,2,1,2,4/20/2026,1|19000102|46132,3,2026,4,Previous
Brendan,Loss,3,1,2,4/20/2026,1|19000102|46132,3,2026,4,Previous
Isaac B,Loss,1,2,2,4/20/2026,2|19000102|46132,3,2026,4,Previous
Brandon,Win,2,2,2,4/20/2026,2|19000102|46132,3,2026,4,Previous
Nicholas S,Loss,3,2,2,4/20/2026,2|19000102|46132,3,2026,4,Previous
Zack B,Loss,1,3,2,4/20/2026,3|19000102|46132,4,2026,4,Previous
Brett,Loss,2,3,2,4/20/2026,3|19000102|46132,4,2026,4,Previous
Eric E,Loss,3,3,2,4/20/2026,3|19000102|46132,4,2026,4,Previous
Jake,Win,4,3,2,4/20/2026,3|19000102|46132,4,2026,4,Previous
Brandon A,Loss,1,4,2,4/20/2026,4|19000102|46132,4,2026,4,Previous
Bryce,Loss,2,4,2,4/20/2026,4|19000102|46132,4,2026,4,Previous
Edwin,Loss,3,4,2,4/20/2026,4|19000102|46132,4,2026,4,Previous
Tyler,Win,4,4,2,4/20/2026,4|19000102|46132,4,2026,4,Previous
Andy,Loss,1,5,2,4/20/2026,5|19000102|46132,4,2026,4,Previous
Charlie,Loss,2,5,2,4/20/2026,5|19000102|46132,4,2026,4,Previous
Eli,Loss,3,5,2,4/20/2026,5|19000102|46132,4,2026,4,Previous
Justin M,Win,4,5,2,4/20/2026,5|19000102|46132,4,2026,4,Previous
AJ,Loss,1,6,2,4/20/2026,6|19000102|46132,3,2026,4,Previous
Brad,Loss,2,6,2,4/20/2026,6|19000102|46132,3,2026,4,Previous
Rodney,Win,3,6,2,4/20/2026,6|19000102|46132,3,2026,4,Previous
Brad,Draw,1,1,1,4/27/2026,1|19000101|46139,4,2026,4,Previous
Rodney,Draw,2,1,1,4/27/2026,1|19000101|46139,4,2026,4,Previous
Brandon,Draw,3,1,1,4/27/2026,1|19000101|46139,4,2026,4,Previous
Dakota,Draw,4,1,1,4/27/2026,1|19000101|46139,4,2026,4,Previous
Nicholas S,Draw,1,2,1,4/27/2026,2|19000101|46139,4,2026,4,Previous
Jon,Draw,2,2,1,4/27/2026,2|19000101|46139,4,2026,4,Previous
Zack B,Draw,3,2,1,4/27/2026,2|19000101|46139,4,2026,4,Previous
Brett,Draw,4,2,1,4/27/2026,2|19000101|46139,4,2026,4,Previous
Tyler,Draw,1,3,1,4/27/2026,3|19000101|46139,3,2026,4,Previous
Eric E,Draw,2,3,1,4/27/2026,3|19000101|46139,3,2026,4,Previous
Eli,Draw,3,3,1,4/27/2026,3|19000101|46139,3,2026,4,Previous
Arman H,Loss,1,4,1,4/27/2026,4|19000101|46139,3,2026,4,Previous
Brendan,Win,2,4,1,4/27/2026,4|19000101|46139,3,2026,4,Previous
AJ,Loss,3,4,1,4/27/2026,4|19000101|46139,3,2026,4,Previous
Bryce,Win,1,5,1,4/27/2026,5|19000101|46139,3,2026,4,Previous
Jake,Loss,2,5,1,4/27/2026,5|19000101|46139,3,2026,4,Previous
Dave,Loss,3,5,1,4/27/2026,5|19000101|46139,3,2026,4,Previous
Dakota,Draw,1,1,2,4/27/2026,1|19000102|46139,4,2026,4,Previous
Brendan,Draw,2,1,2,4/27/2026,1|19000102|46139,4,2026,4,Previous
Bryce,Draw,3,1,2,4/27/2026,1|19000102|46139,4,2026,4,Previous
Jon,Draw,4,1,2,4/27/2026,1|19000102|46139,4,2026,4,Previous
Eric E,Loss,1,2,2,4/27/2026,2|19000102|46139,4,2026,4,Previous
Nicholas S,Loss,2,2,2,4/27/2026,2|19000102|46139,4,2026,4,Previous
Arman H,Loss,3,2,2,4/27/2026,2|19000102|46139,4,2026,4,Previous
Brad,Win,4,2,2,4/27/2026,2|19000102|46139,4,2026,4,Previous
Eli,Win,1,3,2,4/27/2026,3|19000102|46139,3,2026,4,Previous
Brett,Loss,2,3,2,4/27/2026,3|19000102|46139,3,2026,4,Previous
Brandon,Loss,3,3,2,4/27/2026,3|19000102|46139,3,2026,4,Previous
Jake,Loss,1,4,2,4/27/2026,4|19000102|46139,3,2026,4,Previous
Tyler,Loss,2,4,2,4/27/2026,4|19000102|46139,3,2026,4,Previous
Rodney,Win,3,4,2,4/27/2026,4|19000102|46139,3,2026,4,Previous
AJ,Draw,1,5,2,4/27/2026,5|19000102|46139,3,2026,4,Previous
Dave,Draw,2,5,2,4/27/2026,5|19000102|46139,3,2026,4,Previous
Zack B,Draw,3,5,2,4/27/2026,5|19000102|46139,3,2026,4,Previous
Jake,Loss,1,1,1,5/4/2026,1|19000101|46146,4,2026,5,Previous
Zack B,Win,2,1,1,5/4/2026,1|19000101|46146,4,2026,5,Previous
Charlie,Loss,3,1,1,5/4/2026,1|19000101|46146,4,2026,5,Previous
Trevor,Loss,4,1,1,5/4/2026,1|19000101|46146,4,2026,5,Previous
Dave,Loss,1,2,1,5/4/2026,2|19000101|46146,3,2026,5,Previous
Eli,Loss,2,2,1,5/4/2026,2|19000101|46146,3,2026,5,Previous
AJ,Win,3,2,1,5/4/2026,2|19000101|46146,3,2026,5,Previous
Bryce,Draw,1,3,1,5/4/2026,3|19000101|46146,3,2026,5,Previous
Brendan,Draw,2,3,1,5/4/2026,3|19000101|46146,3,2026,5,Previous
Eric E,Draw,3,3,1,5/4/2026,3|19000101|46146,3,2026,5,Previous
Arman H,Loss,1,4,1,5/4/2026,4|19000101|46146,3,2026,5,Previous
Brett,Loss,2,4,1,5/4/2026,4|19000101|46146,3,2026,5,Previous
Brandon,Win,3,4,1,5/4/2026,4|19000101|46146,3,2026,5,Previous
Bryce,Draw,1,1,2,5/4/2026,1|19000102|46146,4,2026,5,Previous
AJ,Draw,2,1,2,5/4/2026,1|19000102|46146,4,2026,5,Previous
Brandon,Draw,3,1,2,5/4/2026,1|19000102|46146,4,2026,5,Previous
Zack B,Draw,4,1,2,5/4/2026,1|19000102|46146,4,2026,5,Previous
Eric E,Loss,1,2,2,5/4/2026,2|19000102|46146,3,2026,5,Previous
Brett,Loss,2,2,2,5/4/2026,2|19000102|46146,3,2026,5,Previous
Jake,Win,3,2,2,5/4/2026,2|19000102|46146,3,2026,5,Previous
Trevor,Win,1,3,2,5/4/2026,3|19000102|46146,3,2026,5,Previous
Brendan,Loss,2,3,2,5/4/2026,3|19000102|46146,3,2026,5,Previous
Dave,Loss,3,3,2,5/4/2026,3|19000102|46146,3,2026,5,Previous
Eli,Loss,1,4,2,5/4/2026,4|19000102|46146,3,2026,5,Previous
Arman H,Win,2,4,2,5/4/2026,4|19000102|46146,3,2026,5,Previous
Charlie,Loss,3,4,2,5/4/2026,4|19000102|46146,3,2026,5,Previous
Dakota,Draw,1,1,1,5/11/2026,1|19000101|46153,4,2026,5,Previous
Bryce,Draw,2,1,1,5/11/2026,1|19000101|46153,4,2026,5,Previous
Charlie,Draw,3,1,1,5/11/2026,1|19000101|46153,4,2026,5,Previous
Brandon,Draw,4,1,1,5/11/2026,1|19000101|46153,4,2026,5,Previous
Dave,Loss,1,2,1,5/11/2026,2|19000101|46153,4,2026,5,Previous
Zack B,Win,2,2,1,5/11/2026,2|19000101|46153,4,2026,5,Previous
Adrian,Loss,3,2,1,5/11/2026,2|19000101|46153,4,2026,5,Previous
Brett,Loss,4,2,1,5/11/2026,2|19000101|46153,4,2026,5,Previous
Rodney,Win,1,3,1,5/11/2026,3|19000101|46153,4,2026,5,Previous
AJ,Loss,2,3,1,5/11/2026,3|19000101|46153,4,2026,5,Previous
Arman H,Loss,3,3,1,5/11/2026,3|19000101|46153,4,2026,5,Previous
Jake,Loss,4,3,1,5/11/2026,3|19000101|46153,4,2026,5,Previous
Trevor,Win,1,4,1,5/11/2026,4|19000101|46153,4,2026,5,Previous
Tyler,Loss,2,4,1,5/11/2026,4|19000101|46153,4,2026,5,Previous
Taylor C,Loss,3,4,1,5/11/2026,4|19000101|46153,4,2026,5,Previous
Sage,Loss,4,4,1,5/11/2026,4|19000101|46153,4,2026,5,Previous
Trevor,Loss,1,1,2,5/11/2026,1|19000102|46153,4,2026,5,Previous
Rodney,Loss,2,1,2,5/11/2026,1|19000102|46153,4,2026,5,Previous
Zack B,Loss,3,1,2,5/11/2026,1|19000102|46153,4,2026,5,Previous
Bryce,Win,4,1,2,5/11/2026,1|19000102|46153,4,2026,5,Previous
Tyler,Win,1,2,2,5/11/2026,2|19000102|46153,4,2026,5,Previous
Arman H,Loss,2,2,2,5/11/2026,2|19000102|46153,4,2026,5,Previous
Dakota,Loss,3,2,2,5/11/2026,2|19000102|46153,4,2026,5,Previous
Adrian,Loss,4,2,2,5/11/2026,2|19000102|46153,4,2026,5,Previous
Sage,Win,1,3,2,5/11/2026,3|19000102|46153,3,2026,5,Previous
Brandon,Loss,2,3,2,5/11/2026,3|19000102|46153,3,2026,5,Previous
AJ,Loss,3,3,2,5/11/2026,3|19000102|46153,3,2026,5,Previous
Dave,Win,1,4,2,5/11/2026,4|19000102|46153,3,2026,5,Previous
Charlie,Loss,2,4,2,5/11/2026,4|19000102|46153,3,2026,5,Previous
Jake,Loss,3,4,2,5/11/2026,4|19000102|46153,3,2026,5,Previous
Brett,Loss,1,5,2,5/11/2026,5|19000102|46153,3,2026,5,Previous
Edwin,Loss,2,5,2,5/11/2026,5|19000102|46153,3,2026,5,Previous
Taylor C,Win,3,5,2,5/11/2026,5|19000102|46153,3,2026,5,Previous
Edwin,Loss,1,1,1,5/18/2026,1|19000101|46160,4,2026,5,Previous
Arman H,Win,2,1,1,5/18/2026,1|19000101|46160,4,2026,5,Previous
Bryce,Loss,3,1,1,5/18/2026,1|19000101|46160,4,2026,5,Previous
Brandon,Loss,4,1,1,5/18/2026,1|19000101|46160,4,2026,5,Previous
Adrian,Draw,1,2,1,5/18/2026,2|19000101|46160,3,2026,5,Previous
Rodney,Draw,3,2,1,5/18/2026,2|19000101|46160,3,2026,5,Previous
Brett,Draw,4,2,1,5/18/2026,2|19000101|46160,3,2026,5,Previous
AJ,Draw,1,3,1,5/18/2026,3|19000101|46160,4,2026,5,Previous
Isaac B,Draw,2,3,1,5/18/2026,3|19000101|46160,4,2026,5,Previous
Eli,Draw,3,3,1,5/18/2026,3|19000101|46160,4,2026,5,Previous
Charlie,Draw,4,3,1,5/18/2026,3|19000101|46160,4,2026,5,Previous
Jake,Draw,1,4,1,5/18/2026,4|19000101|46160,4,2026,5,Previous
Jarrod O,Draw,2,4,1,5/18/2026,4|19000101|46160,4,2026,5,Previous
Trevor,Draw,3,4,1,5/18/2026,4|19000101|46160,4,2026,5,Previous
Sage,Draw,4,4,1,5/18/2026,4|19000101|46160,4,2026,5,Previous
Tyler,Loss,1,5,1,5/18/2026,5|19000101|46160,3,2026,5,Previous
Zack B,Loss,2,5,1,5/18/2026,5|19000101|46160,3,2026,5,Previous
Brad,Win,3,5,1,5/18/2026,5|19000101|46160,3,2026,5,Previous
Brad,Win,1,1,2,5/18/2026,1|19000102|46160,4,2026,5,Previous
Arman H,Loss,2,1,2,5/18/2026,1|19000102|46160,4,2026,5,Previous
Adrian,Loss,3,1,2,5/18/2026,1|19000102|46160,4,2026,5,Previous
AJ,Loss,4,1,2,5/18/2026,1|19000102|46160,4,2026,5,Previous
Charlie,Draw,1,2,2,5/18/2026,2|19000102|46160,4,2026,5,Previous
Rodney,Draw,2,2,2,5/18/2026,2|19000102|46160,4,2026,5,Previous
Trevor,Draw,3,2,2,5/18/2026,2|19000102|46160,4,2026,5,Previous
Tyler,Draw,4,2,2,5/18/2026,2|19000102|46160,4,2026,5,Previous
Brandon,Win,1,3,2,5/18/2026,3|19000102|46160,4,2026,5,Previous
Brett,Loss,2,3,2,5/18/2026,3|19000102|46160,4,2026,5,Previous
Isaac B,Loss,3,3,2,5/18/2026,3|19000102|46160,4,2026,5,Previous
Jarrod O,Loss,4,3,2,5/18/2026,3|19000102|46160,4,2026,5,Previous
Edwin,Draw,1,4,2,5/18/2026,4|19000102|46160,5,2026,5,Previous
Sage,Draw,2,4,2,5/18/2026,4|19000102|46160,5,2026,5,Previous
Eli,Draw,3,4,2,5/18/2026,4|19000102|46160,5,2026,5,Previous
Eric E,Draw,4,4,2,5/18/2026,4|19000102|46160,5,2026,5,Previous
Bryce,Win,1,5,2,5/18/2026,5|19000102|46160,3,2026,5,Previous
Zack B,Loss,2,5,2,5/18/2026,5|19000102|46160,3,2026,5,Previous
Jake,Loss,3,5,2,5/18/2026,5|19000102|46160,3,2026,5,Previous
Brandon A,Win,1,1,1,5/25/2026,1|19000101|46167,4,2026,5,Previous
Brett,Loss,2,1,1,5/25/2026,1|19000101|46167,4,2026,5,Previous
Jake,Loss,3,1,1,5/25/2026,1|19000101|46167,4,2026,5,Previous
Jarrod O,Loss,4,1,1,5/25/2026,1|19000101|46167,4,2026,5,Previous
Paul B,Draw,1,2,1,5/25/2026,2|19000101|46167,4,2026,5,Previous
Dakota,Draw,2,2,1,5/25/2026,2|19000101|46167,4,2026,5,Previous
Tyler,Draw,3,2,1,5/25/2026,2|19000101|46167,4,2026,5,Previous
Arman H,Draw,4,2,1,5/25/2026,2|19000101|46167,4,2026,5,Previous
Dave,Loss,1,3,1,5/25/2026,3|19000101|46167,4,2026,5,Previous
Brandon,Win,2,3,1,5/25/2026,3|19000101|46167,4,2026,5,Previous
AJ,Loss,3,3,1,5/25/2026,3|19000101|46167,4,2026,5,Previous
Eric E,Loss,4,3,1,5/25/2026,3|19000101|46167,4,2026,5,Previous
Zack B,Win,1,4,1,5/25/2026,4|19000101|46167,3,2026,5,Previous
Brad,Loss,2,4,1,5/25/2026,4|19000101|46167,3,2026,5,Previous
Bryce,Loss,3,4,1,5/25/2026,4|19000101|46167,3,2026,5,Previous
Brandon A,Win,1,1,2,5/25/2026,1|19000102|46167,4,2026,5,Previous
Zack B,Loss,2,1,2,5/25/2026,1|19000102|46167,4,2026,5,Previous
Brandon,Loss,3,1,2,5/25/2026,1|19000102|46167,4,2026,5,Previous
Dakota,Loss,4,1,2,5/25/2026,1|19000102|46167,4,2026,5,Previous
Bryce,Draw,1,2,2,5/25/2026,2|19000102|46167,4,2026,5,Previous
Tyler,Draw,2,2,2,5/25/2026,2|19000102|46167,4,2026,5,Previous
Jake,Draw,3,2,2,5/25/2026,2|19000102|46167,4,2026,5,Previous
AJ,Draw,4,2,2,5/25/2026,2|19000102|46167,4,2026,5,Previous
Brad,Loss,1,3,2,5/25/2026,3|19000102|46167,4,2026,5,Previous
Paul B,Win,2,3,2,5/25/2026,3|19000102|46167,4,2026,5,Previous
Eric E,Loss,3,3,2,5/25/2026,3|19000102|46167,4,2026,5,Previous
Jarrod O,Loss,4,3,2,5/25/2026,3|19000102|46167,4,2026,5,Previous
Dave,Loss,1,4,2,5/25/2026,4|19000102|46167,3,2026,5,Previous
Arman H,Win,2,4,2,5/25/2026,4|19000102|46167,3,2026,5,Previous
Brett,Loss,3,4,2,5/25/2026,4|19000102|46167,3,2026,5,Previous
Trevor,Loss,1,1,1,6/1/2026,1|19000101|46174,4,2026,6,Previous
Eli,Loss,2,1,1,6/1/2026,1|19000101|46174,4,2026,6,Previous
Bryce,Win,3,1,1,6/1/2026,1|19000101|46174,4,2026,6,Previous
Taylor C,Loss,4,1,1,6/1/2026,1|19000101|46174,4,2026,6,Previous
AJ,Draw,1,2,1,6/1/2026,2|19000101|46174,4,2026,6,Previous
Brandon A,Draw,2,2,1,6/1/2026,2|19000101|46174,4,2026,6,Previous
Zack B,Draw,3,2,1,6/1/2026,2|19000101|46174,4,2026,6,Previous
Edwin,Draw,4,2,1,6/1/2026,2|19000101|46174,4,2026,6,Previous
Dakota,Win,1,3,1,6/1/2026,3|19000101|46174,4,2026,6,Previous
Arman H,Loss,2,3,1,6/1/2026,3|19000101|46174,4,2026,6,Previous
Tyler,Loss,3,3,1,6/1/2026,3|19000101|46174,4,2026,6,Previous
Nicholas S,Loss,4,3,1,6/1/2026,3|19000101|46174,4,2026,6,Previous
Brad,Loss,1,4,1,6/1/2026,4|19000101|46174,3,2026,6,Previous
Andrew M,Loss,2,4,1,6/1/2026,4|19000101|46174,3,2026,6,Previous
Justin M,Win,3,4,1,6/1/2026,4|19000101|46174,3,2026,6,Previous
Lucas A,Loss,1,5,1,6/1/2026,5|19000101|46174,3,2026,6,Previous
Eric E,Win,2,5,1,6/1/2026,5|19000101|46174,3,2026,6,Previous
Brandon,Loss,3,5,1,6/1/2026,5|19000101|46174,3,2026,6,Previous
Tyler Unknown,Win,1,6,1,6/1/2026,6|19000101|46174,3,2026,6,Previous
Dave,Loss,2,6,1,6/1/2026,6|19000101|46174,3,2026,6,Previous
Charlie,Loss,3,6,1,6/1/2026,6|19000101|46174,3,2026,6,Previous
Taylor C,Win,1,1,2,6/1/2026,1|19000102|46174,3,2026,6,Previous
Dakota,Loss,2,1,2,6/1/2026,1|19000102|46174,3,2026,6,Previous
Trevor,Loss,3,1,2,6/1/2026,1|19000102|46174,3,2026,6,Previous
Nicholas S,Draw,1,2,2,6/1/2026,2|19000102|46174,3,2026,6,Previous
Tyler,Draw,2,2,2,6/1/2026,2|19000102|46174,3,2026,6,Previous
Eli,Draw,3,2,2,6/1/2026,2|19000102|46174,3,2026,6,Previous
Bryce,Loss,1,3,2,6/1/2026,3|19000102|46174,3,2026,6,Previous
Zack B,Win,2,3,2,6/1/2026,3|19000102|46174,3,2026,6,Previous
Arman H,Loss,3,3,2,6/1/2026,3|19000102|46174,3,2026,6,Previous
Eric E,Win,1,4,2,6/1/2026,4|19000102|46174,4,2026,6,Previous
Dave,Loss,2,4,2,6/1/2026,4|19000102|46174,4,2026,6,Previous
Brandon A,Loss,3,4,2,6/1/2026,4|19000102|46174,4,2026,6,Previous
Andrew M,Loss,4,4,2,6/1/2026,4|19000102|46174,4,2026,6,Previous
Edwin,Loss,1,5,2,6/1/2026,5|19000102|46174,4,2026,6,Previous
Lucas A,Loss,2,5,2,6/1/2026,5|19000102|46174,4,2026,6,Previous
Tyler Unknown,Loss,3,5,2,6/1/2026,5|19000102|46174,4,2026,6,Previous
Brad,Win,4,5,2,6/1/2026,5|19000102|46174,4,2026,6,Previous
Brandon,Draw,1,6,2,6/1/2026,6|19000102|46174,4,2026,6,Previous
Justin M,Draw,2,6,2,6/1/2026,6|19000102|46174,4,2026,6,Previous
Charlie,Draw,3,6,2,6/1/2026,6|19000102|46174,4,2026,6,Previous
AJ,Draw,4,6,2,6/1/2026,6|19000102|46174,4,2026,6,Previous
Eric E,Draw,4,4,2,5/18/2026,4|19000102|46160,5,2026,5,Previous
Brandon,Win,1,1,1,6/9/2026,1|19000101|46182,4,2026,6,Previous
Jarrod O,Loss,2,1,1,6/9/2026,1|19000101|46182,4,2026,6,Previous
Zack B,Loss,3,1,1,6/9/2026,1|19000101|46182,4,2026,6,Previous
Charlie,Loss,4,1,1,6/9/2026,1|19000101|46182,4,2026,6,Previous
Trevor,Loss,1,2,1,6/9/2026,2|19000101|46182,4,2026,6,Previous
AJ,Win,2,2,1,6/9/2026,2|19000101|46182,4,2026,6,Previous
Bryce,Loss,3,2,1,6/9/2026,2|19000101|46182,4,2026,6,Previous
Paul B,Loss,4,2,1,6/9/2026,2|19000101|46182,4,2026,6,Previous
Brad,Draw,1,3,1,6/9/2026,3|19000101|46182,4,2026,6,Previous
Taylor C,Draw,2,3,1,6/9/2026,3|19000101|46182,4,2026,6,Previous
Brett,Draw,3,3,1,6/9/2026,3|19000101|46182,4,2026,6,Previous
Tyler,Draw,4,3,1,6/9/2026,3|19000101|46182,4,2026,6,Previous
Edwin,Draw,1,4,1,6/9/2026,4|19000101|46182,4,2026,6,Previous
Dakota,Draw,2,4,1,6/9/2026,4|19000101|46182,4,2026,6,Previous
Ben H,Draw,3,4,1,6/9/2026,4|19000101|46182,4,2026,6,Previous
Arman H,Draw,4,4,1,6/9/2026,4|19000101|46182,4,2026,6,Previous
Rodney,Win,1,5,1,6/9/2026,5|19000101|46182,4,2026,6,Previous
Eric E,Loss,2,5,1,6/9/2026,5|19000101|46182,4,2026,6,Previous
Savi,Loss,3,5,1,6/9/2026,5|19000101|46182,4,2026,6,Previous
Jake,Loss,4,5,1,6/9/2026,5|19000101|46182,4,2026,6,Previous
Rodney,Loss,1,1,2,6/9/2026,1|19000102|46182,4,2026,6,Previous
Brandon,Win,2,1,2,6/9/2026,1|19000102|46182,4,2026,6,Previous
AJ,Loss,3,1,2,6/9/2026,1|19000102|46182,4,2026,6,Previous
Dakota,Loss,4,1,2,6/9/2026,1|19000102|46182,4,2026,6,Previous
Jake,Win,1,2,2,6/9/2026,2|19000102|46182,4,2026,6,Previous
Tyler,Loss,2,2,2,6/9/2026,2|19000102|46182,4,2026,6,Previous
Zack B,Loss,3,2,2,6/9/2026,2|19000102|46182,4,2026,6,Previous
Ben H,Loss,4,2,2,6/9/2026,2|19000102|46182,4,2026,6,Previous
Arman H,Draw,1,3,2,6/9/2026,3|19000102|46182,4,2026,6,Previous
Charlie,Draw,2,3,2,6/9/2026,3|19000102|46182,4,2026,6,Previous
Brett,Draw,3,3,2,6/9/2026,3|19000102|46182,4,2026,6,Previous
Trevor,Draw,4,3,2,6/9/2026,3|19000102|46182,4,2026,6,Previous
Paul B,Loss,1,4,2,6/9/2026,4|19000102|46182,4,2026,6,Previous
Eric E,Win,2,4,2,6/9/2026,4|19000102|46182,4,2026,6,Previous
Edwin,Loss,3,4,2,6/9/2026,4|19000102|46182,4,2026,6,Previous
Brad,Loss,4,4,2,6/9/2026,4|19000102|46182,4,2026,6,Previous
Jarrod O,Loss,1,5,2,6/9/2026,5|19000102|46182,4,2026,6,Previous
Bryce,Win,2,5,2,6/9/2026,5|19000102|46182,4,2026,6,Previous
Taylor C,Loss,3,5,2,6/9/2026,5|19000102|46182,4,2026,6,Previous
Savi,Loss,4,5,2,6/9/2026,5|19000102|46182,4,2026,6,Previous
Rodney,Loss,1,1,1,6/15/2026,1|19000101|46188,4,2026,6,Previous
Brandon A,Loss,2,1,1,6/15/2026,1|19000101|46188,4,2026,6,Previous
Edwin,Win,3,1,1,6/15/2026,1|19000101|46188,4,2026,6,Previous
Gavin J,Loss,4,1,1,6/15/2026,1|19000101|46188,4,2026,6,Previous
Charlie,Draw,1,2,1,6/15/2026,2|19000101|46188,4,2026,6,Previous
Mark,Draw,2,2,1,6/15/2026,2|19000101|46188,4,2026,6,Previous
Bryce,Draw,3,2,1,6/15/2026,2|19000101|46188,4,2026,6,Previous
Brett,Draw,4,2,1,6/15/2026,2|19000101|46188,4,2026,6,Previous
Eli,Loss,1,3,1,6/15/2026,3|19000101|46188,4,2026,6,Previous
Brad,Loss,2,3,1,6/15/2026,3|19000101|46188,4,2026,6,Previous
Lee,Loss,3,3,1,6/15/2026,3|19000101|46188,4,2026,6,Previous
AJ,Win,4,3,1,6/15/2026,3|19000101|46188,4,2026,6,Previous
Zack B,Loss,1,4,1,6/15/2026,4|19000101|46188,4,2026,6,Previous
Trevor,Win,2,4,1,6/15/2026,4|19000101|46188,4,2026,6,Previous
Sage,Loss,3,4,1,6/15/2026,4|19000101|46188,4,2026,6,Previous
Eric E,Loss,4,4,1,6/15/2026,4|19000101|46188,4,2026,6,Previous
Taylor C,Win,1,5,1,6/15/2026,5|19000101|46188,3,2026,6,Previous
Jarrod O,Loss,2,5,1,6/15/2026,5|19000101|46188,3,2026,6,Previous
Ben H,Loss,3,5,1,6/15/2026,5|19000101|46188,3,2026,6,Previous
AJ,Win,1,1,2,6/15/2026,1|19000102|46188,4,2026,6,Previous
Trevor,Loss,2,1,2,6/15/2026,1|19000102|46188,4,2026,6,Previous
Edwin,Loss,3,1,2,6/15/2026,1|19000102|46188,4,2026,6,Previous
Taylor C,Loss,4,1,2,6/15/2026,1|19000102|46188,4,2026,6,Previous
Jarrod O,Loss,1,2,2,6/15/2026,2|19000102|46188,4,2026,6,Previous
Mark,Loss,2,2,2,6/15/2026,2|19000102|46188,4,2026,6,Previous
Rodney,Win,3,2,2,6/15/2026,2|19000102|46188,4,2026,6,Previous
Eli,Loss,4,2,2,6/15/2026,2|19000102|46188,4,2026,6,Previous
Eric E,Loss,1,3,2,6/15/2026,3|19000102|46188,4,2026,6,Previous
Lee,Loss,2,3,2,6/15/2026,3|19000102|46188,4,2026,6,Previous
Bryce,Loss,3,3,2,6/15/2026,3|19000102|46188,4,2026,6,Previous
Brandon A,Win,4,3,2,6/15/2026,3|19000102|46188,4,2026,6,Previous
Brett,Loss,1,4,2,6/15/2026,4|19000102|46188,4,2026,6,Previous
Ben H,Loss,2,4,2,6/15/2026,4|19000102|46188,4,2026,6,Previous
Gavin J,Loss,3,4,2,6/15/2026,4|19000102|46188,4,2026,6,Previous
Zack B,Win,4,4,2,6/15/2026,4|19000102|46188,4,2026,6,Previous
Sage,Draw,1,5,2,6/15/2026,5|19000102|46188,3,2026,6,Previous
Brad,Draw,2,5,2,6/15/2026,5|19000102|46188,3,2026,6,Previous
Charlie,Draw,3,5,2,6/15/2026,5|19000102|46188,3,2026,6,Previous
Gavin J,Loss,1,1,1,6/22/2026,1|19000101|46195,4,2026,6,Previous
Trevor,Loss,2,1,1,6/22/2026,1|19000101|46195,4,2026,6,Previous
AJ,Win,3,1,1,6/22/2026,1|19000101|46195,4,2026,6,Previous
Edwin,Loss,4,1,1,6/22/2026,1|19000101|46195,4,2026,6,Previous
Brett,Draw,1,2,1,6/22/2026,2|19000101|46195,4,2026,6,Previous
Eric E,Draw,2,2,1,6/22/2026,2|19000101|46195,4,2026,6,Previous
Zack B,Draw,3,2,1,6/22/2026,2|19000101|46195,4,2026,6,Previous
Arman H,Draw,4,2,1,6/22/2026,2|19000101|46195,4,2026,6,Previous
Bryce,Loss,1,3,1,6/22/2026,3|19000101|46195,4,2026,6,Previous
Mark,Loss,2,3,1,6/22/2026,3|19000101|46195,4,2026,6,Previous
Savi,Win,3,3,1,6/22/2026,3|19000101|46195,4,2026,6,Previous
Dave P,Loss,4,3,1,6/22/2026,3|19000101|46195,4,2026,6,Previous
Paul B,Draw,1,4,1,6/22/2026,4|19000101|46195,4,2026,6,Previous
Justin M,Draw,2,4,1,6/22/2026,4|19000101|46195,4,2026,6,Previous
Jared B,Draw,3,4,1,6/22/2026,4|19000101|46195,4,2026,6,Previous
Charlie,Draw,4,4,1,6/22/2026,4|19000101|46195,4,2026,6,Previous
Tyler,Draw,1,5,1,6/22/2026,5|19000101|46195,4,2026,6,Previous
Jake,Draw,2,5,1,6/22/2026,5|19000101|46195,4,2026,6,Previous
Joel C,Draw,3,5,1,6/22/2026,5|19000101|46195,4,2026,6,Previous
Jarrod O,Draw,4,5,1,6/22/2026,5|19000101|46195,4,2026,6,Previous
Brad,Win,1,6,1,6/22/2026,6|19000101|46195,3,2026,6,Previous
Taylor C,Loss,2,6,1,6/22/2026,6|19000101|46195,3,2026,6,Previous
Dakota,Loss,3,6,1,6/22/2026,6|19000101|46195,3,2026,6,Previous
Jarrod O,Loss,1,1,2,6/22/2026,1|19000102|46195,4,2026,6,Previous
Paul B,Loss,2,1,2,6/22/2026,1|19000102|46195,4,2026,6,Previous
Brandon,Win,3,1,2,6/22/2026,1|19000102|46195,4,2026,6,Previous
Eric E,Loss,4,1,2,6/22/2026,1|19000102|46195,4,2026,6,Previous
Arman H,Win,1,2,2,6/22/2026,2|19000102|46195,4,2026,6,Previous
Trevor,Loss,2,2,2,6/22/2026,2|19000102|46195,4,2026,6,Previous
Brad,Loss,3,2,2,6/22/2026,2|19000102|46195,4,2026,6,Previous
Jared B,Loss,4,2,2,6/22/2026,2|19000102|46195,4,2026,6,Previous
Joel C,Loss,1,3,2,6/22/2026,3|19000102|46195,4,2026,6,Previous
Charlie,Win,2,3,2,6/22/2026,3|19000102|46195,4,2026,6,Previous
Dave P,Loss,3,3,2,6/22/2026,3|19000102|46195,4,2026,6,Previous
Savi,Loss,4,3,2,6/22/2026,3|19000102|46195,4,2026,6,Previous
Zack B,Win,1,4,2,6/22/2026,4|19000102|46195,4,2026,6,Previous
AJ,Loss,2,4,2,6/22/2026,4|19000102|46195,4,2026,6,Previous
Jake,Loss,3,4,2,6/22/2026,4|19000102|46195,4,2026,6,Previous
Justin M,Loss,4,4,2,6/22/2026,4|19000102|46195,4,2026,6,Previous
Taylor C,Loss,1,5,2,6/22/2026,5|19000102|46195,4,2026,6,Previous
Brett,Loss,2,5,2,6/22/2026,5|19000102|46195,4,2026,6,Previous
Gavin J,Win,3,5,2,6/22/2026,5|19000102|46195,4,2026,6,Previous
Bryce,Loss,4,5,2,6/22/2026,5|19000102|46195,4,2026,6,Previous
Edwin,Loss,1,6,2,6/22/2026,6|19000102|46195,4,2026,6,Previous
Tyler,Loss,2,6,2,6/22/2026,6|19000102|46195,4,2026,6,Previous
Mark,Win,3,6,2,6/22/2026,6|19000102|46195,4,2026,6,Previous
Dakota,Loss,4,6,2,6/22/2026,6|19000102|46195,4,2026,6,Previous
Dakota,Win,1,1,1,6/29/2026,1|19000101|46202,4,2026,6,Previous
Gavin J,Loss,2,1,1,6/29/2026,1|19000101|46202,4,2026,6,Previous
Mathew W,Loss,3,1,1,6/29/2026,1|19000101|46202,4,2026,6,Previous
Eli,Loss,4,1,1,6/29/2026,1|19000101|46202,4,2026,6,Previous
Brett,Loss,1,2,1,6/29/2026,2|19000101|46202,4,2026,6,Previous
Dave P,Win,2,2,1,6/29/2026,2|19000101|46202,4,2026,6,Previous
Taylor C,Loss,3,2,1,6/29/2026,2|19000101|46202,4,2026,6,Previous
Charlie,Loss,4,2,1,6/29/2026,2|19000101|46202,4,2026,6,Previous
Zack B,Loss,1,3,1,6/29/2026,3|19000101|46202,4,2026,6,Previous
Edwin,Win,2,3,1,6/29/2026,3|19000101|46202,4,2026,6,Previous
Jon,Loss,3,3,1,6/29/2026,3|19000101|46202,4,2026,6,Previous
Brad,Loss,4,3,1,6/29/2026,3|19000101|46202,4,2026,6,Previous
Eric E,Loss,1,4,1,6/29/2026,4|19000101|46202,4,2026,6,Previous
Mark,Win,2,4,1,6/29/2026,4|19000101|46202,4,2026,6,Previous
Rodney,Loss,3,4,1,6/29/2026,4|19000101|46202,4,2026,6,Previous
Hollice M,Loss,4,4,1,6/29/2026,4|19000101|46202,4,2026,6,Previous
Justin M,Win,1,5,1,6/29/2026,5|19000101|46202,3,2026,6,Previous
Eric T,Loss,2,5,1,6/29/2026,5|19000101|46202,3,2026,6,Previous
Bryce,Loss,3,5,1,6/29/2026,5|19000101|46202,3,2026,6,Previous
Arman H,Win,1,6,1,6/29/2026,6|19000101|46202,3,2026,6,Previous
AJ,Loss,2,6,1,6/29/2026,6|19000101|46202,3,2026,6,Previous
Zach H,Loss,3,6,1,6/29/2026,6|19000101|46202,3,2026,6,Previous
Bryce,Draw,1,1,2,6/29/2026,1|19000102|46202,4,2026,6,Previous
Arman H,Draw,2,1,2,6/29/2026,1|19000102|46202,4,2026,6,Previous
Zack B,Draw,3,1,2,6/29/2026,1|19000102|46202,4,2026,6,Previous
Eric E,Draw,4,1,2,6/29/2026,1|19000102|46202,4,2026,6,Previous
Brad,Draw,1,2,2,6/29/2026,2|19000102|46202,4,2026,6,Previous
Matthew W,Draw,2,2,2,6/29/2026,2|19000102|46202,4,2026,6,Previous
Justin M,Draw,3,2,2,6/29/2026,2|19000102|46202,4,2026,6,Previous
AJ,Draw,4,2,2,6/29/2026,2|19000102|46202,4,2026,6,Previous
Edwin,Loss,1,3,2,6/29/2026,3|19000102|46202,4,2026,6,Previous
Eric T,Loss,2,3,2,6/29/2026,3|19000102|46202,4,2026,6,Previous
Zach H,Win,3,3,2,6/29/2026,3|19000102|46202,4,2026,6,Previous
Taylor C,Loss,4,3,2,6/29/2026,3|19000102|46202,4,2026,6,Previous
Eli,Loss,1,4,2,6/29/2026,4|19000102|46202,3,2026,6,Previous
Jon,Win,2,4,2,6/29/2026,4|19000102|46202,3,2026,6,Previous
Mark,Loss,3,4,2,6/29/2026,4|19000102|46202,3,2026,6,Previous
Dakota,Win,1,5,2,6/29/2026,5|19000102|46202,3,2026,6,Previous
Rodney,Loss,2,5,2,6/29/2026,5|19000102|46202,3,2026,6,Previous
Brett,Loss,3,5,2,6/29/2026,5|19000102|46202,3,2026,6,Previous
Charlie,Win,1,6,2,6/29/2026,6|19000102|46202,3,2026,6,Previous
Hollice M,Loss,2,6,2,6/29/2026,6|19000102|46202,3,2026,6,Previous
Gavin J,Loss,3,6,2,6/29/2026,6|19000102|46202,3,2026,6,Previous
Justin M,Win,1,1,1,7/6/2026,1|19000101|46209,4,2026,7,Previous
Jon,Loss,2,1,1,7/6/2026,1|19000101|46209,4,2026,7,Previous
Brandon A,Loss,3,1,1,7/6/2026,1|19000101|46209,4,2026,7,Previous
Eric E,Loss,4,1,1,7/6/2026,1|19000101|46209,4,2026,7,Previous
Brad,Loss,1,2,1,7/6/2026,2|19000101|46209,4,2026,7,Previous
Tyler,Loss,2,2,1,7/6/2026,2|19000101|46209,4,2026,7,Previous
Zack B,Win,3,2,1,7/6/2026,2|19000101|46209,4,2026,7,Previous
Bryce,Loss,4,2,1,7/6/2026,2|19000101|46209,4,2026,7,Previous
Cristian S,Loss,1,3,1,7/6/2026,3|19000101|46209,4,2026,7,Previous
Taylor C,Loss,2,3,1,7/6/2026,3|19000101|46209,4,2026,7,Previous
Brandon,Win,3,3,1,7/6/2026,3|19000101|46209,4,2026,7,Previous
AJ,Loss,4,3,1,7/6/2026,3|19000101|46209,4,2026,7,Previous
Jarrod O,Loss,1,4,1,7/6/2026,4|19000101|46209,4,2026,7,Previous
Edwin,Win,2,4,1,7/6/2026,4|19000101|46209,4,2026,7,Previous
Savi,Loss,3,4,1,7/6/2026,4|19000101|46209,4,2026,7,Previous
Mathew W,Loss,4,4,1,7/6/2026,4|19000101|46209,4,2026,7,Previous
Ben H,Loss,1,5,1,7/6/2026,5|19000101|46209,3,2026,7,Previous
Dakota,Win,2,5,1,7/6/2026,5|19000101|46209,3,2026,7,Previous
Jake,Loss,3,5,1,7/6/2026,5|19000101|46209,3,2026,7,Previous
Mark,Win,1,6,1,7/6/2026,6|19000101|46209,4,2026,7,Previous
Trevor,Loss,2,6,1,7/6/2026,6|19000101|46209,4,2026,7,Previous
Gavin J,Loss,3,6,1,7/6/2026,6|19000101|46209,4,2026,7,Previous
Paul B,Loss,4,6,1,7/6/2026,6|19000101|46209,4,2026,7,Previous
Gavin J,Loss,1,1,2,7/6/2026,1|19000102|46209,4,2026,7,Previous
Justin M,Loss,2,1,2,7/6/2026,1|19000102|46209,4,2026,7,Previous
Mark,Win,3,1,2,7/6/2026,1|19000102|46209,4,2026,7,Previous
Mathew W,Loss,4,1,2,7/6/2026,1|19000102|46209,4,2026,7,Previous
Brad,Loss,1,2,2,7/6/2026,2|19000102|46209,4,2026,7,Previous
Ben H,Loss,2,2,2,7/6/2026,2|19000102|46209,4,2026,7,Previous
Taylor C,Loss,3,2,2,7/6/2026,2|19000102|46209,4,2026,7,Previous
Zack B,Win,4,2,2,7/6/2026,2|19000102|46209,4,2026,7,Previous
Trevor,Draw,1,3,2,7/6/2026,3|19000102|46209,4,2026,7,Previous
Brandon,Draw,2,3,2,7/6/2026,3|19000102|46209,4,2026,7,Previous
Paul B,Draw,3,3,2,7/6/2026,3|19000102|46209,4,2026,7,Previous
Eric E,Draw,4,3,2,7/6/2026,3|19000102|46209,4,2026,7,Previous
Jake,Loss,1,4,2,7/6/2026,4|19000102|46209,4,2026,7,Previous
Savi,Loss,2,4,2,7/6/2026,4|19000102|46209,4,2026,7,Previous
Brandon A,Loss,3,4,2,7/6/2026,4|19000102|46209,4,2026,7,Previous
Tyler,Win,4,4,2,7/6/2026,4|19000102|46209,4,2026,7,Previous
Dakota,Loss,1,5,2,7/6/2026,5|19000102|46209,4,2026,7,Previous
Jarrod O,Loss,2,5,2,7/6/2026,5|19000102|46209,4,2026,7,Previous
Edwin,Win,3,5,2,7/6/2026,5|19000102|46209,4,2026,7,Previous
AJ,Loss,4,5,2,7/6/2026,5|19000102|46209,4,2026,7,Previous
Bryce,Win,1,6,2,7/6/2026,6|19000102|46209,3,2026,7,Previous
Jon,Loss,2,6,2,7/6/2026,6|19000102|46209,3,2026,7,Previous
Cristian S,Loss,3,6,2,7/6/2026,6|19000102|46209,3,2026,7,Previous
Brandon,Draw,1,1,1,7/13/2026,1|19000101|46216,4,2026,7,Previous
Eric T,Draw,2,1,1,7/13/2026,1|19000101|46216,4,2026,7,Previous
Trevor,Draw,3,1,1,7/13/2026,1|19000101|46216,4,2026,7,Previous
Mark,Draw,4,1,1,7/13/2026,1|19000101|46216,4,2026,7,Previous
Cristian S,Loss,1,2,1,7/13/2026,2|19000101|46216,4,2026,7,Previous
Jon,Win,2,2,1,7/13/2026,2|19000101|46216,4,2026,7,Previous
Eli,Loss,3,2,1,7/13/2026,2|19000101|46216,4,2026,7,Previous
Taylor C,Loss,4,2,1,7/13/2026,2|19000101|46216,4,2026,7,Previous
Brandon A,Loss,1,3,1,7/13/2026,3|19000101|46216,4,2026,7,Previous
Zack B,Win,2,3,1,7/13/2026,3|19000101|46216,4,2026,7,Previous
Gavin J,Loss,3,3,1,7/13/2026,3|19000101|46216,4,2026,7,Previous
Bryce,Loss,4,3,1,7/13/2026,3|19000101|46216,4,2026,7,Previous
Arman H,Loss,1,4,1,7/13/2026,4|19000101|46216,4,2026,7,Previous
Tyler,Loss,2,4,1,7/13/2026,4|19000101|46216,4,2026,7,Previous
Dakota,Loss,3,4,1,7/13/2026,4|19000101|46216,4,2026,7,Previous
AJ,Win,4,4,1,7/13/2026,4|19000101|46216,4,2026,7,Previous
Brad,Win,1,5,1,7/13/2026,5|19000101|46216,4,2026,7,Previous
Rodney,Loss,2,5,1,7/13/2026,5|19000101|46216,4,2026,7,Previous
Eric E,Loss,3,5,1,7/13/2026,5|19000101|46216,4,2026,7,Previous
Brett,Loss,4,5,1,7/13/2026,5|19000101|46216,4,2026,7,Previous
Zack B,Loss,1,1,2,7/13/2026,1|19000102|46216,4,2026,7,Previous
AJ,Loss,2,1,2,7/13/2026,1|19000102|46216,4,2026,7,Previous
Jon,Loss,3,1,2,7/13/2026,1|19000102|46216,4,2026,7,Previous
Brad,Win,4,1,2,7/13/2026,1|19000102|46216,4,2026,7,Previous
Mark,Win,1,2,2,7/13/2026,2|19000102|46216,4,2026,7,Previous
Taylor C,Loss,2,2,2,7/13/2026,2|19000102|46216,4,2026,7,Previous
Tyler,Loss,3,2,2,7/13/2026,2|19000102|46216,4,2026,7,Previous
Brandon A,Loss,4,2,2,7/13/2026,2|19000102|46216,4,2026,7,Previous
Eric T,Loss,1,3,2,7/13/2026,3|19000102|46216,4,2026,7,Previous
Brett,Loss,2,3,2,7/13/2026,3|19000102|46216,4,2026,7,Previous
Dakota,Loss,3,3,2,7/13/2026,3|19000102|46216,4,2026,7,Previous
Cristian S,Win,4,3,2,7/13/2026,3|19000102|46216,4,2026,7,Previous
Brandon,Loss,1,4,2,7/13/2026,4|19000102|46216,4,2026,7,Previous
Bryce,Loss,2,4,2,7/13/2026,4|19000102|46216,4,2026,7,Previous
Rodney,Win,3,4,2,7/13/2026,4|19000102|46216,4,2026,7,Previous
Arman H,Loss,4,4,2,7/13/2026,4|19000102|46216,4,2026,7,Previous
Trevor,Loss,1,5,2,7/13/2026,5|19000102|46216,4,2026,7,Previous
Eric E,Win,2,5,2,7/13/2026,5|19000102|46216,4,2026,7,Previous
Gavin J,Loss,3,5,2,7/13/2026,5|19000102|46216,4,2026,7,Previous
Eli,Loss,4,5,2,7/13/2026,5|19000102|46216,4,2026,7,Previous
Edwin,Win,1,1,1,7/20/2026,1|19000101|46223,4,2026,7,Previous
AJ,Loss,2,1,1,7/20/2026,1|19000101|46223,4,2026,7,Previous
Brett,Loss,3,1,1,7/20/2026,1|19000101|46223,4,2026,7,Previous
Brandon A,Loss,4,1,1,7/20/2026,1|19000101|46223,4,2026,7,Previous
Eli,Loss,1,2,1,7/20/2026,2|19000101|46223,4,2026,7,Previous
Jon,Loss,2,2,1,7/20/2026,2|19000101|46223,4,2026,7,Previous
Jake,Loss,3,2,1,7/20/2026,2|19000101|46223,4,2026,7,Previous
Brad,Win,4,2,1,7/20/2026,2|19000101|46223,4,2026,7,Previous
Tyler,Win,1,3,1,7/20/2026,3|19000101|46223,4,2026,7,Previous
Mark,Loss,2,3,1,7/20/2026,3|19000101|46223,4,2026,7,Previous
Gavin J,Loss,3,3,1,7/20/2026,3|19000101|46223,4,2026,7,Previous
Brandon,Loss,4,3,1,7/20/2026,3|19000101|46223,4,2026,7,Previous
Bryce,Loss,1,4,1,7/20/2026,4|19000101|46223,3,2026,7,Previous
Zack B,Loss,2,4,1,7/20/2026,4|19000101|46223,3,2026,7,Previous
Trevor,Win,3,4,1,7/20/2026,4|19000101|46223,3,2026,7,Previous
Brad,Draw,1,1,2,7/20/2026,1|19000102|46223,4,2026,7,Previous
Trevor,Draw,2,1,2,7/20/2026,1|19000102|46223,4,2026,7,Previous
Edwin,Draw,3,1,2,7/20/2026,1|19000102|46223,4,2026,7,Previous
Tyler,Draw,4,1,2,7/20/2026,1|19000102|46223,4,2026,7,Previous
Eli,Loss,1,2,2,7/20/2026,2|19000102|46223,4,2026,7,Previous
Bryce,Win,2,2,2,7/20/2026,2|19000102|46223,4,2026,7,Previous
Mark,Loss,3,2,2,7/20/2026,2|19000102|46223,4,2026,7,Previous
AJ,Loss,4,2,2,7/20/2026,2|19000102|46223,4,2026,7,Previous
Brandon A,Loss,1,3,2,7/20/2026,3|19000102|46223,4,2026,7,Previous
Gavin J,Win,2,3,2,7/20/2026,3|19000102|46223,4,2026,7,Previous
Zack B,Loss,3,3,2,7/20/2026,3|19000102|46223,4,2026,7,Previous
Jon,Loss,4,3,2,7/20/2026,3|19000102|46223,4,2026,7,Previous
Brandon,Loss,1,4,2,7/20/2026,4|19000102|46223,3,2026,7,Previous
Jake,Win,2,4,2,7/20/2026,4|19000102|46223,3,2026,7,Previous
Brett,Loss,3,4,2,7/20/2026,4|19000102|46223,3,2026,7,Previous
Jon,Draw,1,1,1,7/27/2026,1|19000101|46230,4,2026,7,Previous
Eric T,Draw,2,1,1,7/27/2026,1|19000101|46230,4,2026,7,Previous
Brad,Draw,3,1,1,7/27/2026,1|19000101|46230,4,2026,7,Previous
Zack B,Draw,4,1,1,7/27/2026,1|19000101|46230,4,2026,7,Previous
Eli,Draw,1,2,1,7/27/2026,2|19000101|46230,4,2026,7,Previous
Arman H,Draw,2,2,1,7/27/2026,2|19000101|46230,4,2026,7,Previous
Eric E,Draw,3,2,1,7/27/2026,2|19000101|46230,4,2026,7,Previous
Brandon,Draw,4,2,1,7/27/2026,2|19000101|46230,4,2026,7,Previous
AJ,Draw,1,3,1,7/27/2026,3|19000101|46230,4,2026,7,Previous
Tyler,Draw,2,3,1,7/27/2026,3|19000101|46230,4,2026,7,Previous
Gavin J,Draw,3,3,1,7/27/2026,3|19000101|46230,4,2026,7,Previous
Taylor C,Draw,4,3,1,7/27/2026,3|19000101|46230,4,2026,7,Previous
Justin M,Loss,1,4,1,7/27/2026,4|19000101|46230,3,2026,7,Previous
Edwin,Win,2,4,1,7/27/2026,4|19000101|46230,3,2026,7,Previous
Bryce,Loss,3,4,1,7/27/2026,4|19000101|46230,3,2026,7,Previous
Paul B,Loss,1,5,1,7/27/2026,5|19000101|46230,3,2026,7,Previous
Jake,Loss,2,5,1,7/27/2026,5|19000101|46230,3,2026,7,Previous
Brandon A,Win,3,5,1,7/27/2026,5|19000101|46230,3,2026,7,Previous
Brandon A,Loss,1,1,2,7/27/2026,1|19000102|46230,4,2026,7,Previous
Edwin,Win,2,1,2,7/27/2026,1|19000102|46230,4,2026,7,Previous
Gavin J,Loss,3,1,2,7/27/2026,1|19000102|46230,4,2026,7,Previous
Brad,Loss,4,1,2,7/27/2026,1|19000102|46230,4,2026,7,Previous
Zack B,Draw,1,2,2,7/27/2026,2|19000102|46230,4,2026,7,Previous
Brandon,Draw,2,2,2,7/27/2026,2|19000102|46230,4,2026,7,Previous
Tyler,Draw,3,2,2,7/27/2026,2|19000102|46230,4,2026,7,Previous
Justin M,Draw,4,2,2,7/27/2026,2|19000102|46230,4,2026,7,Previous
Bryce,Loss,1,3,2,7/27/2026,3|19000102|46230,4,2026,7,Previous
Eric E,Win,2,3,2,7/27/2026,3|19000102|46230,4,2026,7,Previous
AJ,Loss,3,3,2,7/27/2026,3|19000102|46230,4,2026,7,Previous
Jon,Loss,4,3,2,7/27/2026,3|19000102|46230,4,2026,7,Previous
Taylor C,Win,1,4,2,7/27/2026,4|19000102|46230,3,2026,7,Previous
Paul B,Loss,2,4,2,7/27/2026,4|19000102|46230,3,2026,7,Previous
Eli,Loss,3,4,2,7/27/2026,4|19000102|46230,3,2026,7,Previous
Jake,Loss,1,5,2,7/27/2026,5|19000102|46230,3,2026,7,Previous
Eric T,Loss,2,5,2,7/27/2026,5|19000102|46230,3,2026,7,Previous
Arman H,Win,3,5,2,7/27/2026,5|19000102|46230,3,2026,7,Previous
AJ,Loss,1,1,1,8/3/2026,1|19000101|46237,4,2026,8,Previous
Brandon A,Win,2,1,1,8/3/2026,1|19000101|46237,4,2026,8,Previous
Mark,Loss,3,1,1,8/3/2026,1|19000101|46237,4,2026,8,Previous
Cristian S,Loss,4,1,1,8/3/2026,1|19000101|46237,4,2026,8,Previous
Brett,Draw,1,2,1,8/3/2026,2|19000101|46237,4,2026,8,Previous
Tyler,Draw,2,2,1,8/3/2026,2|19000101|46237,4,2026,8,Previous
Edwin,Draw,3,2,1,8/3/2026,2|19000101|46237,4,2026,8,Previous
Eli,Draw,4,2,1,8/3/2026,2|19000101|46237,4,2026,8,Previous
Taylor C,Loss,1,3,1,8/3/2026,3|19000101|46237,3,2026,8,Previous
Brandon,Win,2,3,1,8/3/2026,3|19000101|46237,3,2026,8,Previous
Trevor,Loss,3,3,1,8/3/2026,3|19000101|46237,3,2026,8,Previous
Bryce,Win,1,4,1,8/3/2026,4|19000101|46237,3,2026,8,Previous
Arman H,Loss,2,4,1,8/3/2026,4|19000101|46237,3,2026,8,Previous
Jarrod O,Loss,3,4,1,8/3/2026,4|19000101|46237,3,2026,8,Previous
Edwin,Win,1,1,2,8/3/2026,1|19000102|46237,4,2026,8,Previous
Brandon,Loss,2,1,2,8/3/2026,1|19000102|46237,4,2026,8,Previous
Bryce,Loss,3,1,2,8/3/2026,1|19000102|46237,4,2026,8,Previous
Brandon A,Loss,4,1,2,8/3/2026,1|19000102|46237,4,2026,8,Previous
Jarrod O,Loss,1,2,2,8/3/2026,2|19000102|46237,4,2026,8,Previous
Mark,Win,2,2,2,8/3/2026,2|19000102|46237,4,2026,8,Previous
Taylor C,Loss,3,2,2,8/3/2026,2|19000102|46237,4,2026,8,Previous
Brett,Loss,4,2,2,8/3/2026,2|19000102|46237,4,2026,8,Previous
Trevor,Win,1,3,2,8/3/2026,3|19000102|46237,3,2026,8,Previous
AJ,Loss,2,3,2,8/3/2026,3|19000102|46237,3,2026,8,Previous
Tyler,Loss,3,3,2,8/3/2026,3|19000102|46237,3,2026,8,Previous
Cristian S,Win,1,4,2,8/3/2026,4|19000102|46237,3,2026,8,Previous
Eli,Loss,2,4,2,8/3/2026,4|19000102|46237,3,2026,8,Previous
Arman H,Loss,3,4,2,8/3/2026,4|19000102|46237,3,2026,8,Previous
Tony W,Draw,1,1,1,8/11/2026,1|19000101|46245,4,2026,8,Previous
Bryce,Draw,2,1,1,8/11/2026,1|19000101|46245,4,2026,8,Previous
Trevor,Draw,3,1,1,8/11/2026,1|19000101|46245,4,2026,8,Previous
Arman H,Draw,4,1,1,8/11/2026,1|19000101|46245,4,2026,8,Previous
Isaac B,Draw,1,2,1,8/11/2026,2|19000101|46245,4,2026,8,Previous
Gavin J,Draw,2,2,1,8/11/2026,2|19000101|46245,4,2026,8,Previous
Rodney,Draw,3,2,1,8/11/2026,2|19000101|46245,4,2026,8,Previous
AJ,Draw,4,2,1,8/11/2026,2|19000101|46245,4,2026,8,Previous
Brandon,Loss,1,3,1,8/11/2026,3|19000101|46245,4,2026,8,Previous
Mark,Win,2,3,1,8/11/2026,3|19000101|46245,4,2026,8,Previous
Tyler,Loss,3,3,1,8/11/2026,3|19000101|46245,4,2026,8,Previous
Jake,Loss,4,3,1,8/11/2026,3|19000101|46245,4,2026,8,Previous
Savi,Draw,1,4,1,8/11/2026,4|19000101|46245,4,2026,8,Previous
Alexander D,Draw,2,4,1,8/11/2026,4|19000101|46245,4,2026,8,Previous
Dakota,Draw,3,4,1,8/11/2026,4|19000101|46245,4,2026,8,Previous
Eli,Draw,4,4,1,8/11/2026,4|19000101|46245,4,2026,8,Previous
Brad,Draw,1,5,1,8/11/2026,5|19000101|46245,3,2026,8,Previous
Edwin,Draw,2,5,1,8/11/2026,5|19000101|46245,3,2026,8,Previous
Eric E,Draw,3,5,1,8/11/2026,5|19000101|46245,3,2026,8,Previous
Brandon A,Win,1,6,1,8/11/2026,6|19000101|46245,3,2026,8,Previous
Eric T,Loss,2,6,1,8/11/2026,6|19000101|46245,3,2026,8,Previous
Jarrod O,Loss,3,6,1,8/11/2026,6|19000101|46245,3,2026,8,Previous
Brandon A,Loss,1,1,2,8/11/2026,1|19000102|46245,4,2026,8,Previous
Eric E,Loss,2,1,2,8/11/2026,1|19000102|46245,4,2026,8,Previous
Savi,Loss,3,1,2,8/11/2026,1|19000102|46245,4,2026,8,Previous
Rodney,Win,4,1,2,8/11/2026,1|19000102|46245,4,2026,8,Previous
Brad,Draw,1,2,2,8/11/2026,2|19000102|46245,4,2026,8,Previous
Gavin J,Draw,2,2,2,8/11/2026,2|19000102|46245,4,2026,8,Previous
Eli,Draw,3,2,2,8/11/2026,2|19000102|46245,4,2026,8,Previous
Mark,Draw,4,2,2,8/11/2026,2|19000102|46245,4,2026,8,Previous
Arman H,Draw,1,3,2,8/11/2026,3|19000102|46245,4,2026,8,Previous
Edwin,Draw,2,3,2,8/11/2026,3|19000102|46245,4,2026,8,Previous
Dakota,Draw,3,3,2,8/11/2026,3|19000102|46245,4,2026,8,Previous
Isaac B,Draw,4,3,2,8/11/2026,3|19000102|46245,4,2026,8,Previous
AJ,Draw,1,4,2,8/11/2026,4|19000102|46245,4,2026,8,Previous
Jarrod O,Draw,2,4,2,8/11/2026,4|19000102|46245,4,2026,8,Previous
Trevor,Draw,3,4,2,8/11/2026,4|19000102|46245,4,2026,8,Previous
Alexander D,Draw,4,4,2,8/11/2026,4|19000102|46245,4,2026,8,Previous
Jake,Loss,1,5,2,8/11/2026,5|19000102|46245,3,2026,8,Previous
Eric T,Loss,2,5,2,8/11/2026,5|19000102|46245,3,2026,8,Previous
Bryce,Win,3,5,2,8/11/2026,5|19000102|46245,3,2026,8,Previous
Tony W,Win,1,6,2,8/11/2026,6|19000102|46245,3,2026,8,Previous
Tyler,Loss,2,6,2,8/11/2026,6|19000102|46245,3,2026,8,Previous
Brandon,Loss,3,6,2,8/11/2026,6|19000102|46245,3,2026,8,Previous
Zack B,Loss,1,1,1,8/17/2026,1|19000101|46251,4,2026,8,Previous
Gavin J,Win,2,1,1,8/17/2026,1|19000101|46251,4,2026,8,Previous
Charlie ,Loss,3,1,1,8/17/2026,1|19000101|46251,4,2026,8,Previous
Trevor,Loss,4,1,1,8/17/2026,1|19000101|46251,4,2026,8,Previous
Brad,Draw,1,2,1,8/17/2026,2|19000101|46251,4,2026,8,Previous
Paul B,Draw,2,2,1,8/17/2026,2|19000101|46251,4,2026,8,Previous
Brett,Draw,3,2,1,8/17/2026,2|19000101|46251,4,2026,8,Previous
Justin M,Draw,4,2,1,8/17/2026,2|19000101|46251,4,2026,8,Previous
Mark,Draw,1,3,1,8/17/2026,3|19000101|46251,4,2026,8,Previous
Edwin,Draw,2,3,1,8/17/2026,3|19000101|46251,4,2026,8,Previous
Bryce,Draw,3,3,1,8/17/2026,3|19000101|46251,4,2026,8,Previous
Jarrod O,Draw,4,3,1,8/17/2026,3|19000101|46251,4,2026,8,Previous
Rodney,Loss,1,4,1,8/17/2026,4|19000101|46251,4,2026,8,Previous
Zack D,Loss,2,4,1,8/17/2026,4|19000101|46251,4,2026,8,Previous
Jon,Win,3,4,1,8/17/2026,4|19000101|46251,4,2026,8,Previous
AJ,Loss,4,4,1,8/17/2026,4|19000101|46251,4,2026,8,Previous
Eric E,Win,1,5,1,8/17/2026,5|19000101|46251,3,2026,8,Previous
Brandon,Loss,2,5,1,8/17/2026,5|19000101|46251,3,2026,8,Previous
Cristian S,Loss,3,5,1,8/17/2026,5|19000101|46251,3,2026,8,Previous
Bryce,Win,1,1,2,8/17/2026,1|19000102|46251,3,2026,8,Previous
Trevor,Loss,2,1,2,8/17/2026,1|19000102|46251,3,2026,8,Previous
Charlie ,Loss,3,1,2,8/17/2026,1|19000102|46251,3,2026,8,Previous
Jon,Loss,1,2,2,8/17/2026,2|19000102|46251,4,2026,8,Previous
Cristian S,Loss,2,2,2,8/17/2026,2|19000102|46251,4,2026,8,Previous
Gavin J,Win,3,2,2,8/17/2026,2|19000102|46251,4,2026,8,Previous
Brad,Loss,4,2,2,8/17/2026,2|19000102|46251,4,2026,8,Previous
Zack B,Loss,1,3,2,8/17/2026,3|19000102|46251,4,2026,8,Previous
AJ,Loss,2,3,2,8/17/2026,3|19000102|46251,4,2026,8,Previous
Brandon,Loss,3,3,2,8/17/2026,3|19000102|46251,4,2026,8,Previous
Eric E,Win,4,3,2,8/17/2026,3|19000102|46251,4,2026,8,Previous
Mark,Loss,1,4,2,8/17/2026,4|19000102|46251,4,2026,8,Previous
Rodney,Loss,2,4,2,8/17/2026,4|19000102|46251,4,2026,8,Previous
Paul B,Loss,3,4,2,8/17/2026,4|19000102|46251,4,2026,8,Previous
Justin M,Win,4,4,2,8/17/2026,4|19000102|46251,4,2026,8,Previous
Brett,Loss,1,5,2,8/17/2026,5|19000102|46251,3,2026,8,Previous
Jarrod O,Loss,2,5,2,8/17/2026,5|19000102|46251,3,2026,8,Previous
Edwin,Win,3,5,2,8/17/2026,5|19000102|46251,3,2026,8,Previous
Arman H,Draw,1,1,1,8/24/2026,1|19000101|46258,4,2026,8,Previous
AJ,Draw,2,1,1,8/24/2026,1|19000101|46258,4,2026,8,Previous
Eric E,Draw,3,1,1,8/24/2026,1|19000101|46258,4,2026,8,Previous
Trevor,Draw,4,1,1,8/24/2026,1|19000101|46258,4,2026,8,Previous
Brandon A,Draw,1,2,1,8/24/2026,2|19000101|46258,3,2026,8,Previous
Brandon,Draw,2,2,1,8/24/2026,2|19000101|46258,3,2026,8,Previous
Gavin J,Draw,3,2,1,8/24/2026,2|19000101|46258,3,2026,8,Previous
Mark,Win,1,3,1,8/24/2026,3|19000101|46258,4,2026,8,Previous
Justin M,Loss,2,3,1,8/24/2026,3|19000101|46258,4,2026,8,Previous
Jake,Loss,3,3,1,8/24/2026,3|19000101|46258,4,2026,8,Previous
Edwin,Loss,4,3,1,8/24/2026,3|19000101|46258,4,2026,8,Previous
Tyler,Loss,1,4,1,8/24/2026,4|19000101|46258,3,2026,8,Previous
Brett,Loss,2,4,1,8/24/2026,4|19000101|46258,3,2026,8,Previous
Brad,Win,3,4,1,8/24/2026,4|19000101|46258,3,2026,8,Previous
Jarrod O,Loss,1,5,1,8/24/2026,5|19000101|46258,3,2026,8,Previous
Dakota,Win,2,5,1,8/24/2026,5|19000101|46258,3,2026,8,Previous
Eric T,Loss,3,5,1,8/24/2026,5|19000101|46258,3,2026,8,Previous
Brandon,Draw,1,1,2,8/24/2026,1|19000102|46258,4,2026,8,Previous
Brad,Draw,2,1,2,8/24/2026,1|19000102|46258,4,2026,8,Previous
Dakota,Draw,3,1,2,8/24/2026,1|19000102|46258,4,2026,8,Previous
Mark,Draw,4,1,2,8/24/2026,1|19000102|46258,4,2026,8,Previous
Gavin J,Draw,1,2,2,8/24/2026,2|19000102|46258,4,2026,8,Previous
AJ,Draw,2,2,2,8/24/2026,2|19000102|46258,4,2026,8,Previous
Brett,Draw,3,2,2,8/24/2026,2|19000102|46258,4,2026,8,Previous
Jake,Draw,4,2,2,8/24/2026,2|19000102|46258,4,2026,8,Previous
Brandon A,Draw,1,3,2,8/24/2026,3|19000102|46258,3,2026,8,Previous
Trevor,Draw,2,3,2,8/24/2026,3|19000102|46258,3,2026,8,Previous
Tyler,Draw,3,3,2,8/24/2026,3|19000102|46258,3,2026,8,Previous
Arman H,Draw,1,4,2,8/24/2026,4|19000102|46258,3,2026,8,Previous
Edwin,Draw,2,4,2,8/24/2026,4|19000102|46258,3,2026,8,Previous
Jarrod O,Draw,3,4,2,8/24/2026,4|19000102|46258,3,2026,8,Previous
Eric E,Win,1,5,2,8/24/2026,5|19000102|46258,3,2026,8,Previous
Eric T,Loss,2,5,2,8/24/2026,5|19000102|46258,3,2026,8,Previous
Justin M,Loss,3,5,2,8/24/2026,5|19000102|46258,3,2026,8,Previous
AJ,Draw,1,1,1,8/31/2026,1|19000101|46265,4,2026,8,Previous
Dave C,Draw,2,1,1,8/31/2026,1|19000101|46265,4,2026,8,Previous
Edwin,Draw,3,1,1,8/31/2026,1|19000101|46265,4,2026,8,Previous
Eric T,Draw,4,1,1,8/31/2026,1|19000101|46265,4,2026,8,Previous
Mark,Win,1,2,1,8/31/2026,2|19000101|46265,4,2026,8,Previous
Jake,Loss,2,2,1,8/31/2026,2|19000101|46265,4,2026,8,Previous
Tyler,Loss,3,2,1,8/31/2026,2|19000101|46265,4,2026,8,Previous
Jon,Loss,4,2,1,8/31/2026,2|19000101|46265,4,2026,8,Previous
Sage,Draw,1,3,1,8/31/2026,3|19000101|46265,4,2026,8,Previous
Bryce,Draw,2,3,1,8/31/2026,3|19000101|46265,4,2026,8,Previous
Brett,Draw,3,3,1,8/31/2026,3|19000101|46265,4,2026,8,Previous
Brandon,Draw,4,3,1,8/31/2026,3|19000101|46265,4,2026,8,Previous
Eli,Draw,1,4,1,8/31/2026,4|19000101|46265,4,2026,8,Previous
Brandon A,Draw,2,4,1,8/31/2026,4|19000101|46265,4,2026,8,Previous
Gavin J,Draw,3,4,1,8/31/2026,4|19000101|46265,4,2026,8,Previous
Trevor,Draw,4,4,1,8/31/2026,4|19000101|46265,4,2026,8,Previous
Brad,Loss,1,5,1,8/31/2026,5|19000101|46265,3,2026,8,Previous
Dakota,Win,2,5,1,8/31/2026,5|19000101|46265,3,2026,8,Previous
Rodney,Loss,3,5,1,8/31/2026,5|19000101|46265,3,2026,8,Previous
Eric T,Loss,1,1,2,8/31/2026,1|19000102|46265,4,2026,8,Previous
Brandon,Loss,2,1,2,8/31/2026,1|19000102|46265,4,2026,8,Previous
Dakota,Loss,3,1,2,8/31/2026,1|19000102|46265,4,2026,8,Previous
Mark,Win,4,1,2,8/31/2026,1|19000102|46265,4,2026,8,Previous
Edwin,Win,1,2,2,8/31/2026,2|19000102|46265,4,2026,8,Previous
Jake,Loss,2,2,2,8/31/2026,2|19000102|46265,4,2026,8,Previous
Sage,Loss,3,2,2,8/31/2026,2|19000102|46265,4,2026,8,Previous
Brandon A,Loss,4,2,2,8/31/2026,2|19000102|46265,4,2026,8,Previous
Rodney,Draw,1,3,2,8/31/2026,3|19000102|46265,4,2026,8,Previous
Gavin J,Draw,2,3,2,8/31/2026,3|19000102|46265,4,2026,8,Previous
Bryce,Draw,3,3,2,8/31/2026,3|19000102|46265,4,2026,8,Previous
AJ,Draw,4,3,2,8/31/2026,3|19000102|46265,4,2026,8,Previous
Trevor,Draw,1,4,2,8/31/2026,4|19000102|46265,4,2026,8,Previous
Tyler,Draw,2,4,2,8/31/2026,4|19000102|46265,4,2026,8,Previous
Dave C,Draw,3,4,2,8/31/2026,4|19000102|46265,4,2026,8,Previous
Brett,Draw,4,4,2,8/31/2026,4|19000102|46265,4,2026,8,Previous
Eli,Loss,1,5,2,8/31/2026,5|19000102|46265,3,2026,8,Previous
Jon,Loss,2,5,2,8/31/2026,5|19000102|46265,3,2026,8,Previous
Brad,Win,3,5,2,8/31/2026,5|19000102|46265,3,2026,8,Previous
Brandon A,Loss,1,1,1,9/7/2026,1|19000101|46272,4,2026,9,Current
Rodney,Win,2,1,1,9/7/2026,1|19000101|46272,4,2026,9,Current
Sage,Loss,3,1,1,9/7/2026,1|19000101|46272,4,2026,9,Current
Mitch,Loss,4,1,1,9/7/2026,1|19000101|46272,4,2026,9,Current
Bryce,Draw,1,2,1,9/7/2026,2|19000101|46272,4,2026,9,Current
Eli,Draw,2,2,1,9/7/2026,2|19000101|46272,4,2026,9,Current
Brett,Draw,3,2,1,9/7/2026,2|19000101|46272,4,2026,9,Current
Brad,Draw,4,2,1,9/7/2026,2|19000101|46272,4,2026,9,Current
Gavin J,Draw,1,3,1,9/7/2026,3|19000101|46272,4,2026,9,Current
Mark,Draw,2,3,1,9/7/2026,3|19000101|46272,4,2026,9,Current
Arman H,Draw,3,3,1,9/7/2026,3|19000101|46272,4,2026,9,Current
Eric E,Draw,4,3,1,9/7/2026,3|19000101|46272,4,2026,9,Current
Trevor,Draw,1,4,1,9/7/2026,4|19000101|46272,4,2026,9,Current
Brandon,Draw,2,4,1,9/7/2026,4|19000101|46272,4,2026,9,Current
Eric T,Draw,3,4,1,9/7/2026,4|19000101|46272,4,2026,9,Current
AJ,Draw,4,4,1,9/7/2026,4|19000101|46272,4,2026,9,Current
AJ,Draw,1,1,2,9/7/2026,1|19000102|46272,4,2026,9,Current
Brad,Draw,2,1,2,9/7/2026,1|19000102|46272,4,2026,9,Current
Eric E,Draw,3,1,2,9/7/2026,1|19000102|46272,4,2026,9,Current
Rodney,Draw,4,1,2,9/7/2026,1|19000102|46272,4,2026,9,Current
Brandon,Loss,1,2,2,9/7/2026,2|19000102|46272,4,2026,9,Current
Sage,Loss,2,2,2,9/7/2026,2|19000102|46272,4,2026,9,Current
Eli,Loss,3,2,2,9/7/2026,2|19000102|46272,4,2026,9,Current
Gavin J,Win,4,2,2,9/7/2026,2|19000102|46272,4,2026,9,Current
Mitch,Loss,1,3,2,9/7/2026,3|19000102|46272,4,2026,9,Current
Brett,Loss,2,3,2,9/7/2026,3|19000102|46272,4,2026,9,Current
Arman H,Loss,3,3,2,9/7/2026,3|19000102|46272,4,2026,9,Current
Trevor,Win,4,3,2,9/7/2026,3|19000102|46272,4,2026,9,Current
Eric T,Loss,1,4,2,9/7/2026,4|19000102|46272,4,2026,9,Current
Mark,Loss,2,4,2,9/7/2026,4|19000102|46272,4,2026,9,Current
Bryce,Win,3,4,2,9/7/2026,4|19000102|46272,4,2026,9,Current
Brandon A,Loss,4,4,2,9/7/2026,4|19000102|46272,4,2026,9,Current
